dateTime pooley,Q pooley,,dateTime goldrill,Q goldrill
2018-10-10T00:00:00,4.001,,12/10/2018 00:00,0.763691338
2018-10-10T00:15:00,4.049,,12/10/2018 00:05,0.763691338
2018-10-10T00:30:00,3.986,,12/10/2018 00:10,0.782665669
2018-10-10T00:45:00,4.017,,12/10/2018 00:15,0.792152834
2018-10-10T01:00:00,3.954,,12/10/2018 00:20,0.773178503
2018-10-10T01:15:00,4.001,,12/10/2018 00:25,0.782665669
2018-10-10T01:30:00,3.938,,12/10/2018 00:30,0.782665669
2018-10-10T01:45:00,4.001,,12/10/2018 00:35,0.773178503
2018-10-10T02:00:00,3.938,,12/10/2018 00:40,0.782665669
2018-10-10T02:15:00,4.001,,12/10/2018 00:45,0.773178503
2018-10-10T02:30:00,3.923,,12/10/2018 00:50,0.763691338
2018-10-10T02:45:00,3.97,,12/10/2018 00:55,0.744717007
2018-10-10T03:00:00,3.891,,12/10/2018 01:00,0.754204172
2018-10-10T03:15:00,3.891,,12/10/2018 01:05,0.754204172
2018-10-10T03:30:00,3.845,,12/10/2018 01:10,0.754204172
2018-10-10T03:45:00,3.876,,12/10/2018 01:15,0.763691338
2018-10-10T04:00:00,3.845,,12/10/2018 01:20,0.763691338
2018-10-10T04:15:00,3.891,,12/10/2018 01:25,0.763691338
2018-10-10T04:30:00,3.845,,12/10/2018 01:30,0.744717007
2018-10-10T04:45:00,3.891,,12/10/2018 01:35,0.744717007
2018-10-10T05:00:00,3.845,,12/10/2018 01:40,0.773178503
2018-10-10T05:15:00,3.86,,12/10/2018 01:45,0.763691338
2018-10-10T05:30:00,3.798,,12/10/2018 01:50,0.773178503
2018-10-10T05:45:00,3.829,,12/10/2018 01:55,0.792152834
2018-10-10T06:00:00,3.782,,12/10/2018 02:00,0.792152834
2018-10-10T06:15:00,3.798,,12/10/2018 02:05,0.782665669
2018-10-10T06:30:00,3.782,,12/10/2018 02:10,0.773178503
2018-10-10T06:45:00,3.782,,12/10/2018 02:15,0.782665669
2018-10-10T07:00:00,3.752,,12/10/2018 02:20,0.792152834
2018-10-10T07:15:00,3.782,,12/10/2018 02:25,0.792152834
2018-10-10T07:30:00,3.752,,12/10/2018 02:30,0.782665669
2018-10-10T07:45:00,3.782,,12/10/2018 02:35,0.782665669
2018-10-10T08:00:00,3.767,,12/10/2018 02:40,0.763691338
2018-10-10T08:15:00,3.782,,12/10/2018 02:45,0.811127165
2018-10-10T08:30:00,3.767,,12/10/2018 02:50,0.744717007
2018-10-10T08:45:00,3.767,,12/10/2018 02:55,0.782665669
2018-10-10T09:00:00,3.752,,12/10/2018 03:00,0.773178503
2018-10-10T09:15:00,3.767,,12/10/2018 03:05,0.782665669
2018-10-10T09:30:00,3.752,,12/10/2018 03:10,0.820614331
2018-10-10T09:45:00,3.752,,12/10/2018 03:15,0.792152834
2018-10-10T10:00:00,3.736,,12/10/2018 03:20,0.811127165
2018-10-10T10:15:00,3.752,,12/10/2018 03:25,0.820614331
2018-10-10T10:30:00,3.721,,12/10/2018 03:30,0.773178503
2018-10-10T10:45:00,3.736,,12/10/2018 03:35,0.80164
2018-10-10T11:00:00,3.721,,12/10/2018 03:40,0.763691338
2018-10-10T11:15:00,3.721,,12/10/2018 03:45,0.792152834
2018-10-10T11:30:00,3.721,,12/10/2018 03:50,0.792152834
2018-10-10T11:45:00,3.721,,12/10/2018 03:55,0.80164
2018-10-10T12:00:00,3.705,,12/10/2018 04:00,0.80164
2018-10-10T12:15:00,3.69,,12/10/2018 04:05,0.811127165
2018-10-10T12:30:00,3.69,,12/10/2018 04:10,0.80164
2018-10-10T12:45:00,3.675,,12/10/2018 04:15,0.782665669
2018-10-10T13:00:00,3.69,,12/10/2018 04:20,0.820614331
2018-10-10T13:15:00,3.675,,12/10/2018 04:25,0.811127165
2018-10-10T13:30:00,3.69,,12/10/2018 04:30,0.811127165
2018-10-10T13:45:00,3.659,,12/10/2018 04:35,0.839588662
2018-10-10T14:00:00,3.659,,12/10/2018 04:40,0.839588662
2018-10-10T14:15:00,3.629,,12/10/2018 04:45,0.858562993
2018-10-10T14:30:00,3.644,,12/10/2018 04:50,0.849075827
2018-10-10T14:45:00,3.629,,12/10/2018 04:55,0.868050158
2018-10-10T15:00:00,3.644,,12/10/2018 05:00,0.858562993
2018-10-10T15:15:00,3.629,,12/10/2018 05:05,0.830101496
2018-10-10T15:30:00,3.644,,12/10/2018 05:10,0.896511655
2018-10-10T15:45:00,3.613,,12/10/2018 05:15,0.877537324
2018-10-10T16:00:00,3.629,,12/10/2018 05:20,0.943947482
2018-10-10T16:15:00,3.598,,12/10/2018 05:25,0.943947482
2018-10-10T16:30:00,3.629,,12/10/2018 05:30,0.924973151
2018-10-10T16:45:00,3.583,,12/10/2018 05:35,0.90599882
2018-10-10T17:00:00,3.629,,12/10/2018 05:40,0.934460317
2018-10-10T17:15:00,3.583,,12/10/2018 05:45,0.90599882
2018-10-10T17:30:00,3.613,,12/10/2018 05:50,0.962921813
2018-10-10T17:45:00,3.583,,12/10/2018 05:55,0.953434648
2018-10-10T18:00:00,3.613,,12/10/2018 06:00,0.943947482
2018-10-10T18:15:00,3.568,,12/10/2018 06:05,0.981896144
2018-10-10T18:30:00,3.598,,12/10/2018 06:10,0.981896144
2018-10-10T18:45:00,3.552,,12/10/2018 06:15,1.019844806
2018-10-10T19:00:00,3.583,,12/10/2018 06:20,1.010357641
2018-10-10T19:15:00,3.552,,12/10/2018 06:25,1.019844806
2018-10-10T19:30:00,3.568,,12/10/2018 06:30,1.038819137
2018-10-10T19:45:00,3.537,,12/10/2018 06:35,1.067280634
2018-10-10T20:00:00,3.568,,12/10/2018 06:40,1.048306303
2018-10-10T20:15:00,3.537,,12/10/2018 06:45,1.09574213
2018-10-10T20:30:00,3.568,,12/10/2018 06:50,1.105229296
2018-10-10T20:45:00,3.537,,12/10/2018 06:55,1.114716461
2018-10-10T21:00:00,3.552,,12/10/2018 07:00,1.211994125
2018-10-10T21:15:00,3.522,,12/10/2018 07:05,1.236344137
2018-10-10T21:30:00,3.537,,12/10/2018 07:10,1.187644113
2018-10-10T21:45:00,3.522,,12/10/2018 07:15,1.09574213
2018-10-10T22:00:00,3.537,,12/10/2018 07:20,1.199819119
2018-10-10T22:15:00,3.522,,12/10/2018 07:25,1.105229296
2018-10-10T22:30:00,3.522,,12/10/2018 07:30,1.143177958
2018-10-10T22:45:00,3.522,,12/10/2018 07:35,1.199819119
2018-10-10T23:00:00,3.507,,12/10/2018 07:40,1.133690792
2018-10-10T23:15:00,3.507,,12/10/2018 07:45,1.152665123
2018-10-10T23:30:00,3.492,,12/10/2018 07:50,1.114716461
2018-10-10T23:45:00,3.477,,12/10/2018 07:55,1.175469107
2018-10-11T00:00:00,3.462,,12/10/2018 08:00,1.187644113
2018-10-11T00:15:00,3.462,,12/10/2018 08:05,1.175469107
2018-10-11T00:30:00,3.462,,12/10/2018 08:10,1.187644113
2018-10-11T00:45:00,3.462,,12/10/2018 08:15,1.187644113
2018-10-11T01:00:00,3.432,,12/10/2018 08:20,1.152665123
2018-10-11T01:15:00,3.447,,12/10/2018 08:25,1.224169131
2018-10-11T01:30:00,3.447,,12/10/2018 08:30,1.187644113
2018-10-11T01:45:00,3.447,,12/10/2018 08:35,1.199819119
2018-10-11T02:00:00,3.447,,12/10/2018 08:40,1.224169131
2018-10-11T02:15:00,3.417,,12/10/2018 08:45,1.211994125
2018-10-11T02:30:00,3.462,,12/10/2018 08:50,1.199819119
2018-10-11T02:45:00,3.432,,12/10/2018 08:55,1.199819119
2018-10-11T03:00:00,3.432,,12/10/2018 09:00,1.152665123
2018-10-11T03:15:00,3.417,,12/10/2018 09:05,1.175469107
2018-10-11T03:30:00,3.417,,12/10/2018 09:10,1.133690792
2018-10-11T03:45:00,3.432,,12/10/2018 09:15,1.124203627
2018-10-11T04:00:00,3.432,,12/10/2018 09:20,1.163294101
2018-10-11T04:15:00,3.432,,12/10/2018 09:25,1.133690792
2018-10-11T04:30:00,3.432,,12/10/2018 09:30,1.163294101
2018-10-11T04:45:00,3.432,,12/10/2018 09:35,1.133690792
2018-10-11T05:00:00,3.417,,12/10/2018 09:40,1.124203627
2018-10-11T05:15:00,3.447,,12/10/2018 09:45,1.143177958
2018-10-11T05:30:00,3.417,,12/10/2018 09:50,1.163294101
2018-10-11T05:45:00,3.432,,12/10/2018 09:55,1.143177958
2018-10-11T06:00:00,3.417,,12/10/2018 10:00,1.143177958
2018-10-11T06:15:00,3.432,,12/10/2018 10:05,1.133690792
2018-10-11T06:30:00,3.402,,12/10/2018 10:10,1.133690792
2018-10-11T06:45:00,3.432,,12/10/2018 10:15,1.163294101
2018-10-11T07:00:00,3.402,,12/10/2018 10:20,1.163294101
2018-10-11T07:15:00,3.447,,12/10/2018 10:25,1.152665123
2018-10-11T07:30:00,3.417,,12/10/2018 10:30,1.152665123
2018-10-11T07:45:00,3.432,,12/10/2018 10:35,1.124203627
2018-10-11T08:00:00,3.402,,12/10/2018 10:40,1.152665123
2018-10-11T08:15:00,3.447,,12/10/2018 10:45,1.175469107
2018-10-11T08:30:00,3.417,,12/10/2018 10:50,1.124203627
2018-10-11T08:45:00,3.447,,12/10/2018 10:55,1.124203627
2018-10-11T09:00:00,3.402,,12/10/2018 11:00,1.152665123
2018-10-11T09:15:00,3.417,,12/10/2018 11:05,1.124203627
2018-10-11T09:30:00,3.387,,12/10/2018 11:10,1.211994125
2018-10-11T09:45:00,3.417,,12/10/2018 11:15,1.187644113
2018-10-11T10:00:00,3.387,,12/10/2018 11:20,1.152665123
2018-10-11T10:15:00,3.417,,12/10/2018 11:25,1.152665123
2018-10-11T10:30:00,3.357,,12/10/2018 11:30,1.163294101
2018-10-11T10:45:00,3.402,,12/10/2018 11:35,1.187644113
2018-10-11T11:00:00,3.372,,12/10/2018 11:40,1.143177958
2018-10-11T11:15:00,3.417,,12/10/2018 11:45,1.163294101
2018-10-11T11:30:00,3.417,,12/10/2018 11:50,1.152665123
2018-10-11T11:45:00,3.522,,12/10/2018 11:55,1.175469107
2018-10-11T12:00:00,3.492,,12/10/2018 12:00,1.152665123
2018-10-11T12:15:00,3.492,,12/10/2018 12:05,1.163294101
2018-10-11T12:30:00,3.417,,12/10/2018 12:10,1.187644113
2018-10-11T12:45:00,3.402,,12/10/2018 12:15,1.248519144
2018-10-11T13:00:00,3.327,,12/10/2018 12:20,1.224169131
2018-10-11T13:15:00,3.357,,12/10/2018 12:25,1.236344137
2018-10-11T13:30:00,3.283,,12/10/2018 12:30,1.224169131
2018-10-11T13:45:00,3.327,,12/10/2018 12:35,1.224169131
2018-10-11T14:00:00,3.313,,12/10/2018 12:40,1.285044162
2018-10-11T14:15:00,3.357,,12/10/2018 12:45,1.272869156
2018-10-11T14:30:00,3.372,,12/10/2018 12:50,1.272869156
2018-10-11T14:45:00,3.387,,12/10/2018 12:55,1.272869156
2018-10-11T15:00:00,3.342,,12/10/2018 13:00,1.333744187
2018-10-11T15:15:00,3.402,,12/10/2018 13:05,1.285044162
2018-10-11T15:30:00,3.357,,12/10/2018 13:10,1.333744187
2018-10-11T15:45:00,3.387,,12/10/2018 13:15,1.358094199
2018-10-11T16:00:00,3.327,,12/10/2018 13:20,1.370269205
2018-10-11T16:15:00,3.417,,12/10/2018 13:25,1.333744187
2018-10-11T16:30:00,3.417,,12/10/2018 13:30,1.382444211
2018-10-11T16:45:00,3.417,,12/10/2018 13:35,1.431144236
2018-10-11T17:00:00,3.417,,12/10/2018 13:40,1.443319242
2018-10-11T17:15:00,3.417,,12/10/2018 13:45,1.467669254
2018-10-11T17:30:00,3.402,,12/10/2018 13:50,1.507806816
2018-10-11T17:45:00,3.402,,12/10/2018 13:55,1.57962936
2018-10-11T18:00:00,3.402,,12/10/2018 14:00,1.593993868
2018-10-11T18:15:00,3.402,,12/10/2018 14:05,1.622722885
2018-10-11T18:30:00,3.387,,12/10/2018 14:10,1.637087394
2018-10-11T18:45:00,3.387,,12/10/2018 14:15,1.651451903
2018-10-11T19:00:00,3.387,,12/10/2018 14:20,1.708909937
2018-10-11T19:15:00,3.387,,12/10/2018 14:25,1.708909937
2018-10-11T19:30:00,3.387,,12/10/2018 14:30,1.752003463
2018-10-11T19:45:00,3.387,,12/10/2018 14:35,1.795096989
2018-10-11T20:00:00,3.372,,12/10/2018 14:40,1.838190515
2018-10-11T20:15:00,3.372,,12/10/2018 14:45,1.90017673
2018-10-11T20:30:00,3.372,,12/10/2018 14:50,1.950515074
2018-10-11T20:45:00,3.372,,12/10/2018 14:55,1.967294522
2018-10-11T21:00:00,3.372,,12/10/2018 15:00,2.034412314
2018-10-11T21:15:00,3.372,,12/10/2018 15:05,2.15186845
2018-10-11T21:30:00,3.357,,12/10/2018 15:10,2.202206794
2018-10-11T21:45:00,3.342,,12/10/2018 15:15,2.252545138
2018-10-11T22:00:00,3.342,,12/10/2018 15:20,2.218986242
2018-10-11T22:15:00,3.327,,12/10/2018 15:25,2.360465703
2018-10-11T22:30:00,3.327,,12/10/2018 15:30,2.542522939
2018-10-11T22:45:00,3.327,,12/10/2018 15:35,2.663894429
2018-10-11T23:00:00,3.327,,12/10/2018 15:40,2.744808756
2018-10-11T23:15:00,3.327,,12/10/2018 15:45,3.068466063
2018-10-11T23:30:00,3.313,,12/10/2018 15:50,3.129151809
2018-10-11T23:45:00,3.313,,12/10/2018 15:55,3.349909653
2018-10-12T00:00:00,3.313,,12/10/2018 16:00,3.325527834
2018-10-12T00:15:00,3.283,,12/10/2018 16:05,3.666873289
2018-10-12T00:30:00,3.298,,12/10/2018 16:10,3.861927835
2018-10-12T00:45:00,3.268,,12/10/2018 16:15,4.188526325
2018-10-12T01:00:00,3.268,,12/10/2018 16:20,4.417454148
2018-10-12T01:15:00,3.224,,12/10/2018 16:25,4.736470977
2018-10-12T01:30:00,3.268,,12/10/2018 16:30,4.852736557
2018-10-12T01:45:00,3.253,,12/10/2018 16:35,5.348167749
2018-10-12T02:00:00,3.283,,12/10/2018 16:40,5.472025547
2018-10-12T02:15:00,3.268,,12/10/2018 16:45,6.12149747
2018-10-12T02:30:00,3.268,,12/10/2018 16:50,6.809355479
2018-10-12T02:45:00,3.239,,12/10/2018 16:55,6.774962579
2018-10-12T03:00:00,3.239,,12/10/2018 17:00,6.706176778
2018-10-12T03:15:00,3.209,,12/10/2018 17:05,7.549711187
2018-10-12T03:30:00,3.209,,12/10/2018 17:10,9.149624627
2018-10-12T03:45:00,3.195,,12/10/2018 17:15,9.217060818
2018-10-12T04:00:00,3.224,,12/10/2018 17:20,10.11934661
2018-10-12T04:15:00,3.18,,12/10/2018 17:25,10.19909043
2018-10-12T04:30:00,3.239,,12/10/2018 17:30,11.18774159
2018-10-12T04:45:00,3.327,,12/10/2018 17:35,11.48666423
2018-10-12T05:00:00,3.447,,12/10/2018 17:40,11.84702794
2018-10-12T05:15:00,3.568,,12/10/2018 17:45,11.73397978
2018-10-12T05:30:00,3.644,,12/10/2018 17:50,11.90535745
2018-10-12T05:45:00,3.721,,12/10/2018 17:55,12.19237195
2018-10-12T06:00:00,3.782,,12/10/2018 18:00,12.92351858
2018-10-12T06:15:00,4.081,,12/10/2018 18:05,13.4686243
2018-10-12T06:30:00,4.337,,12/10/2018 18:10,14.08153613
2018-10-12T06:45:00,4.517,,12/10/2018 18:15,14.75243069
2018-10-12T07:00:00,4.468,,12/10/2018 18:20,15.16077394
2018-10-12T07:15:00,4.468,,12/10/2018 18:25,14.83791097
2018-10-12T07:30:00,4.599,,12/10/2018 18:30,14.75221632
2018-10-12T07:45:00,4.749,,12/10/2018 18:35,15.14402656
2018-10-12T08:00:00,4.616,,12/10/2018 18:40,16.01187656
2018-10-12T08:15:00,4.517,,12/10/2018 18:45,16.35179322
2018-10-12T08:30:00,4.37,,12/10/2018 18:50,16.36826644
2018-10-12T08:45:00,4.24,,12/10/2018 18:55,16.72777515
2018-10-12T09:00:00,4.112,,12/10/2018 19:00,16.33793664
2018-10-12T09:15:00,4.001,,12/10/2018 19:05,16.77178105
2018-10-12T09:30:00,4.065,,12/10/2018 19:10,17.57945795
2018-10-12T09:45:00,4.017,,12/10/2018 19:15,16.75182376
2018-10-12T10:00:00,4.033,,12/10/2018 19:20,17.94501858
2018-10-12T10:15:00,3.891,,12/10/2018 19:25,17.12684601
2018-10-12T10:30:00,4.001,,12/10/2018 19:30,18.01044413
2018-10-12T10:45:00,4.033,,12/10/2018 19:35,19.19499997
2018-10-12T11:00:00,4.112,,12/10/2018 19:40,18.03340832
2018-10-12T11:15:00,3.938,,12/10/2018 19:45,18.60807785
2018-10-12T11:30:00,3.954,,12/10/2018 19:50,18.88460392
2018-10-12T11:45:00,3.782,,12/10/2018 19:55,18.83930324
2018-10-12T12:00:00,3.798,,12/10/2018 20:00,18.85689287
2018-10-12T12:15:00,3.705,,12/10/2018 20:05,20.12939602
2018-10-12T12:30:00,3.798,,12/10/2018 20:10,19.32538425
2018-10-12T12:45:00,3.736,,12/10/2018 20:15,19.33552718
2018-10-12T13:00:00,3.845,,12/10/2018 20:20,20.14643766
2018-10-12T13:15:00,3.86,,12/10/2018 20:25,20.67912554
2018-10-12T13:30:00,4.065,,12/10/2018 20:30,20.05723366
2018-10-12T13:45:00,4.208,,12/10/2018 20:35,20.14546586
2018-10-12T14:00:00,4.37,,12/10/2018 20:40,20.51115734
2018-10-12T14:15:00,4.533,,12/10/2018 20:45,20.15845602
2018-10-12T14:30:00,4.9,,12/10/2018 20:50,21.38655678
2018-10-12T14:45:00,5.156,,12/10/2018 20:55,20.95545944
2018-10-12T15:00:00,5.503,,12/10/2018 21:00,20.95422494
2018-10-12T15:15:00,5.661,,12/10/2018 21:05,21.54330165
2018-10-12T15:30:00,5.786,,12/10/2018 21:10,20.65153409
2018-10-12T15:45:00,5.911,,12/10/2018 21:15,21.36016561
2018-10-12T16:00:00,6.146,,12/10/2018 21:20,20.50375496
2018-10-12T16:15:00,6.165,,12/10/2018 21:25,20.71704544
2018-10-12T16:30:00,6.348,,12/10/2018 21:30,21.55009732
2018-10-12T16:45:00,6.329,,12/10/2018 21:35,21.30769439
2018-10-12T17:00:00,6.57,,12/10/2018 21:40,21.97646513
2018-10-12T17:15:00,6.663,,12/10/2018 21:45,21.45818847
2018-10-12T17:30:00,6.943,,12/10/2018 21:50,21.36386281
2018-10-12T17:45:00,7.246,,12/10/2018 21:55,20.64871465
2018-10-12T18:00:00,7.748,,12/10/2018 22:00,20.10997403
2018-10-12T18:15:00,7.908,,12/10/2018 22:05,20.67322908
2018-10-12T18:30:00,8.403,,12/10/2018 22:10,20.51062101
2018-10-12T18:45:00,8.64,,12/10/2018 22:15,19.93984788
2018-10-12T19:00:00,9.056,,12/10/2018 22:20,20.1457721
2018-10-12T19:15:00,9.304,,12/10/2018 22:25,19.67337661
2018-10-12T19:30:00,9.629,,12/10/2018 22:30,19.68375629
2018-10-12T19:45:00,9.849,,12/10/2018 22:35,20.50638052
2018-10-12T20:00:00,10.299,,12/10/2018 22:40,19.70804347
2018-10-12T20:15:00,10.413,,12/10/2018 22:45,19.31224044
2018-10-12T20:30:00,10.839,,12/10/2018 22:50,19.26881823
2018-10-12T20:45:00,10.918,,12/10/2018 22:55,18.60877522
2018-10-12T21:00:00,11.276,,12/10/2018 23:00,18.83436691
2018-10-12T21:15:00,11.276,,12/10/2018 23:05,18.85634453
2018-10-12T21:30:00,11.723,,12/10/2018 23:10,18.83840153
2018-10-12T21:45:00,11.723,,12/10/2018 23:15,18.58691616
2018-10-12T22:00:00,12.096,,12/10/2018 23:20,18.57913346
2018-10-12T22:15:00,12.138,,12/10/2018 23:25,18.38148056
2018-10-12T22:30:00,12.562,,12/10/2018 23:30,17.61739687
2018-10-12T22:45:00,12.519,,12/10/2018 23:35,17.54918256
2018-10-12T23:00:00,12.908,,12/10/2018 23:40,18.04864321
2018-10-12T23:15:00,12.908,,12/10/2018 23:45,17.9358936
2018-10-12T23:30:00,13.215,,12/10/2018 23:50,17.98496347
2018-10-12T23:45:00,13.215,,12/10/2018 23:55,17.60654754
2018-10-13T00:00:00,13.482,,13/10/2018 00:00,17.29234683
2018-10-13T00:15:00,13.393,,13/10/2018 00:05,16.72104188
2018-10-13T00:30:00,13.752,,13/10/2018 00:10,16.57096982
2018-10-13T00:45:00,13.662,,13/10/2018 00:15,16.60190542
2018-10-13T01:00:00,13.979,,13/10/2018 00:20,16.31703683
2018-10-13T01:15:00,13.979,,13/10/2018 00:25,17.26559075
2018-10-13T01:30:00,14.441,,13/10/2018 00:30,15.97763943
2018-10-13T01:45:00,14.395,,13/10/2018 00:35,16.31672365
2018-10-13T02:00:00,14.77,,13/10/2018 00:40,16.7324843
2018-10-13T02:15:00,14.723,,13/10/2018 00:45,15.5478871
2018-10-13T02:30:00,15.103,,13/10/2018 00:50,15.5682751
2018-10-13T02:45:00,15.055,,13/10/2018 00:55,15.60693319
2018-10-13T03:00:00,15.49,,13/10/2018 01:00,15.5682751
2018-10-13T03:15:00,15.441,,13/10/2018 01:05,15.57148118
2018-10-13T03:30:00,15.833,,13/10/2018 01:10,15.53298021
2018-10-13T03:45:00,15.734,,13/10/2018 01:15,15.53402165
2018-10-13T04:00:00,16.23,,13/10/2018 01:20,15.61560305
2018-10-13T04:15:00,16.031,,13/10/2018 01:25,14.77700146
2018-10-13T04:30:00,16.583,,13/10/2018 01:30,16.03100759
2018-10-13T04:45:00,16.431,,13/10/2018 01:35,14.770473
2018-10-13T05:00:00,16.992,,13/10/2018 01:40,15.31452675
2018-10-13T05:15:00,16.838,,13/10/2018 01:45,15.30806036
2018-10-13T05:30:00,17.355,,13/10/2018 01:50,14.82631836
2018-10-13T05:45:00,17.199,,13/10/2018 01:55,15.15367183
2018-10-13T06:00:00,17.616,,13/10/2018 02:00,15.14132953
2018-10-13T06:15:00,17.511,,13/10/2018 02:05,14.79248223
2018-10-13T06:30:00,17.934,,13/10/2018 02:10,14.78554962
2018-10-13T06:45:00,17.828,,13/10/2018 02:15,14.85570543
2018-10-13T07:00:00,18.201,,13/10/2018 02:20,14.84387383
2018-10-13T07:15:00,18.201,,13/10/2018 02:25,14.43362316
2018-10-13T07:30:00,18.525,,13/10/2018 02:30,14.82782936
2018-10-13T07:45:00,18.579,,13/10/2018 02:35,14.4262055
2018-10-13T08:00:00,18.962,,13/10/2018 02:40,14.66366751
2018-10-13T08:15:00,18.962,,13/10/2018 02:45,14.66236334
2018-10-13T08:30:00,19.517,,13/10/2018 02:50,14.79961997
2018-10-13T08:45:00,19.349,,13/10/2018 02:55,15.32448629
2018-10-13T09:00:00,19.968,,13/10/2018 03:00,14.76585374
2018-10-13T09:15:00,19.968,,13/10/2018 03:05,14.68623022
2018-10-13T09:30:00,20.483,,13/10/2018 03:10,14.66436972
2018-10-13T09:45:00,20.368,,13/10/2018 03:15,14.42354034
2018-10-13T10:00:00,21.182,,13/10/2018 03:20,14.75951832
2018-10-13T10:15:00,21.006,,13/10/2018 03:25,14.42383139
2018-10-13T10:30:00,21.955,,13/10/2018 03:30,14.44578973
2018-10-13T10:45:00,21.775,,13/10/2018 03:35,14.39265942
2018-10-13T11:00:00,22.807,,13/10/2018 03:40,14.79199159
2018-10-13T11:15:00,22.562,,13/10/2018 03:45,14.6853338
2018-10-13T11:30:00,23.49,,13/10/2018 03:50,14.39265942
2018-10-13T11:45:00,23.428,,13/10/2018 03:55,14.82452376
2018-10-13T12:00:00,24.122,,13/10/2018 04:00,14.39889762
2018-10-13T12:15:00,24.313,,13/10/2018 04:05,14.75861893
2018-10-13T12:30:00,25.088,,13/10/2018 04:10,14.78063703
2018-10-13T12:45:00,24.828,,13/10/2018 04:15,14.36858494
2018-10-13T13:00:00,26.413,,13/10/2018 04:20,14.7555009
2018-10-13T13:15:00,26.078,,13/10/2018 04:25,14.74986745
2018-10-13T13:30:00,27.228,,13/10/2018 04:30,14.83325318
2018-10-13T13:45:00,27.159,,13/10/2018 04:35,14.42453527
2018-10-13T14:00:00,28.478,,13/10/2018 04:40,14.79732154
2018-10-13T14:15:00,28.198,,13/10/2018 04:45,15.29380669
2018-10-13T14:30:00,29.116,,13/10/2018 04:50,14.67190391
2018-10-13T14:45:00,29.331,,13/10/2018 04:55,15.9214809
2018-10-13T15:00:00,30.712,,13/10/2018 05:00,14.8017408
2018-10-13T15:15:00,31.68,,13/10/2018 05:05,15.31752114
2018-10-13T15:30:00,33.127,,13/10/2018 05:10,14.82895072
2018-10-13T15:45:00,33.204,,13/10/2018 05:15,15.13778078
2018-10-13T16:00:00,34.534,,13/10/2018 05:20,15.54418565
2018-10-13T16:15:00,34.454,,13/10/2018 05:25,15.98312052
2018-10-13T16:30:00,35.976,,13/10/2018 05:30,15.61201316
2018-10-13T16:45:00,35.653,,13/10/2018 05:35,15.92862758
2018-10-13T17:00:00,37.289,,13/10/2018 05:40,15.61067051
2018-10-13T17:15:00,37.621,,13/10/2018 05:45,15.52606642
2018-10-13T17:30:00,38.8,,13/10/2018 05:50,15.94638212
2018-10-13T17:45:00,39.226,,13/10/2018 05:55,15.34962442
2018-10-13T18:00:00,40.783,,13/10/2018 06:00,15.98312052
2018-10-13T18:15:00,41.047,,13/10/2018 06:05,15.92936317
2018-10-13T18:30:00,42.918,,13/10/2018 06:10,15.99948179
2018-10-13T18:45:00,41.665,,13/10/2018 06:15,16.7147993
2018-10-13T19:00:00,43.735,,13/10/2018 06:20,16.5775444
2018-10-13T19:15:00,43.644,,13/10/2018 06:25,15.9896241
2018-10-13T19:30:00,45.398,,13/10/2018 06:30,16.00933639
2018-10-13T19:45:00,45.025,,13/10/2018 06:35,16.33877733
2018-10-13T20:00:00,46.528,,13/10/2018 06:40,16.34675943
2018-10-13T20:15:00,46.718,,13/10/2018 06:45,16.78685676
2018-10-13T20:30:00,48.06,,13/10/2018 06:50,16.33153861
2018-10-13T20:45:00,48.157,,13/10/2018 06:55,17.14030294
2018-10-13T21:00:00,49.623,,13/10/2018 07:00,16.3747344
2018-10-13T21:15:00,49.525,,13/10/2018 07:05,17.23125887
2018-10-13T21:30:00,51.317,,13/10/2018 07:10,16.75008548
2018-10-13T21:45:00,51.619,,13/10/2018 07:15,16.78178504
2018-10-13T22:00:00,52.943,,13/10/2018 07:20,16.81787572
2018-10-13T22:15:00,53.045,,13/10/2018 07:25,17.13045039
2018-10-13T22:30:00,53.871,,13/10/2018 07:30,17.23477259
2018-10-13T22:45:00,53.871,,13/10/2018 07:35,16.81518426
2018-10-13T23:00:00,54.704,,13/10/2018 07:40,17.89196052
2018-10-13T23:15:00,54.495,,13/10/2018 07:45,17.89330643
2018-10-13T23:30:00,55.018,,13/10/2018 07:50,17.53633753
2018-10-13T23:45:00,55.018,,13/10/2018 07:55,17.57578666
2018-10-14T00:00:00,55.334,,13/10/2018 08:00,17.96780556
2018-10-14T00:15:00,55.65,,13/10/2018 08:05,18.0245669
2018-10-14T00:30:00,55.968,,13/10/2018 08:10,18.79546454
2018-10-14T00:45:00,56.074,,13/10/2018 08:15,18.78671001
2018-10-14T01:00:00,56.821,,13/10/2018 08:20,18.80617461
2018-10-14T01:15:00,56.821,,13/10/2018 08:25,18.58898362
2018-10-14T01:30:00,57.143,,13/10/2018 08:30,18.56689161
2018-10-14T01:45:00,56.821,,13/10/2018 08:35,18.79684668
2018-10-14T02:00:00,57.573,,13/10/2018 08:40,18.86301355
2018-10-14T02:15:00,57.25,,13/10/2018 08:45,20.07389682
2018-10-14T02:30:00,57.573,,13/10/2018 08:50,19.70640162
2018-10-14T02:45:00,57.465,,13/10/2018 08:55,19.70498723
2018-10-14T03:00:00,58.006,,13/10/2018 09:00,20.12656445
2018-10-14T03:15:00,58.006,,13/10/2018 09:05,19.93257897
2018-10-14T03:30:00,58.223,,13/10/2018 09:10,21.15411577
2018-10-14T03:45:00,58.55,,13/10/2018 09:15,22.14453516
2018-10-14T04:00:00,58.441,,13/10/2018 09:20,21.28201005
2018-10-14T04:15:00,58.332,,13/10/2018 09:25,22.11707194
2018-10-14T04:30:00,58.332,,13/10/2018 09:30,22.54854833
2018-10-14T04:45:00,58.441,,13/10/2018 09:35,21.52431157
2018-10-14T05:00:00,58.441,,13/10/2018 09:40,23.61849648
2018-10-14T05:15:00,58.55,,13/10/2018 09:45,22.85790445
2018-10-14T05:30:00,58.659,,13/10/2018 09:50,22.54181621
2018-10-14T05:45:00,58.441,,13/10/2018 09:55,23.03753144
2018-10-14T06:00:00,58.987,,13/10/2018 10:00,23.13087752
2018-10-14T06:15:00,58.659,,13/10/2018 10:05,23.06742277
2018-10-14T06:30:00,58.659,,13/10/2018 10:10,23.12367412
2018-10-14T06:45:00,58.55,,13/10/2018 10:15,23.59864656
2018-10-14T07:00:00,58.223,,13/10/2018 10:20,24.33189644
2018-10-14T07:15:00,58.55,,13/10/2018 10:25,24.62089166
2018-10-14T07:30:00,58.55,,13/10/2018 10:30,23.58167521
2018-10-14T07:45:00,58.223,,13/10/2018 10:35,24.62278504
2018-10-14T08:00:00,58.223,,13/10/2018 10:40,23.59816556
2018-10-14T08:15:00,58.114,,13/10/2018 10:45,24.64324395
2018-10-14T08:30:00,58.441,,13/10/2018 10:50,25.1636222
2018-10-14T08:45:00,58.223,,13/10/2018 10:55,25.71647209
2018-10-14T09:00:00,58.223,,13/10/2018 11:00,25.90852461
2018-10-14T09:15:00,57.898,,13/10/2018 11:05,26.33041
2018-10-14T09:30:00,58.114,,13/10/2018 11:10,27.51652551
2018-10-14T09:45:00,58.006,,13/10/2018 11:15,27.56680561
2018-10-14T10:00:00,57.789,,13/10/2018 11:20,29.04913729
2018-10-14T10:15:00,57.681,,13/10/2018 11:25,28.49047515
2018-10-14T10:30:00,57.465,,13/10/2018 11:30,28.49019972
2018-10-14T10:45:00,57.898,,13/10/2018 11:35,29.17405731
2018-10-14T11:00:00,57.143,,13/10/2018 11:40,30.24501127
2018-10-14T11:15:00,58.006,,13/10/2018 11:45,30.91933924
2018-10-14T11:30:00,57.143,,13/10/2018 11:50,30.32007358
2018-10-14T11:45:00,57.465,,13/10/2018 11:55,32.61955413
2018-10-14T12:00:00,56.821,,13/10/2018 12:00,33.21656178
2018-10-14T12:15:00,57.143,,13/10/2018 12:05,33.79072803
2018-10-14T12:30:00,56.714,,13/10/2018 12:10,33.81420636
2018-10-14T12:45:00,56.928,,13/10/2018 12:15,34.53987613
2018-10-14T13:00:00,56.181,,13/10/2018 12:20,35.23100045
2018-10-14T13:15:00,56.5,,13/10/2018 12:25,37.55110391
2018-10-14T13:30:00,55.756,,13/10/2018 12:30,37.61176508
2018-10-14T13:45:00,56.287,,13/10/2018 12:35,39.05335057
2018-10-14T14:00:00,55.65,,13/10/2018 12:40,39.87672326
2018-10-14T14:15:00,55.862,,13/10/2018 12:45,40.50410371
2018-10-14T14:30:00,55.123,,13/10/2018 12:50,39.1597901
2018-10-14T14:45:00,55.545,,13/10/2018 12:55,42.66571784
2018-10-14T15:00:00,55.123,,13/10/2018 13:00,41.35166384
2018-10-14T15:15:00,55.545,,13/10/2018 13:05,42.8740657
2018-10-14T15:30:00,54.704,,13/10/2018 13:10,43.10095134
2018-10-14T15:45:00,55.439,,13/10/2018 13:15,42.97445548
2018-10-14T16:00:00,54.704,,13/10/2018 13:20,46.13922612
2018-10-14T16:15:00,54.809,,13/10/2018 13:25,45.70075996
2018-10-14T16:30:00,54.391,,13/10/2018 13:30,46.19850595
2018-10-14T16:45:00,54.704,,13/10/2018 13:35,47.00350627
2018-10-14T17:00:00,53.974,,13/10/2018 13:40,47.88095738
2018-10-14T17:15:00,54.599,,13/10/2018 13:45,47.6304155
2018-10-14T17:30:00,53.871,,13/10/2018 13:50,48.68262165
2018-10-14T17:45:00,54.182,,13/10/2018 13:55,51.50944101
2018-10-14T18:00:00,53.664,,13/10/2018 14:00,49.71743622
2018-10-14T18:15:00,53.871,,13/10/2018 14:05,52.06222454
2018-10-14T18:30:00,53.354,,13/10/2018 14:10,51.50447611
2018-10-14T18:45:00,53.56,,13/10/2018 14:15,53.21940373
2018-10-14T19:00:00,53.045,,13/10/2018 14:20,54.06039068
2018-10-14T19:15:00,53.457,,13/10/2018 14:25,54.07577157
2018-10-14T19:30:00,52.636,,13/10/2018 14:30,55.57046345
2018-10-14T19:45:00,52.943,,13/10/2018 14:35,56.71750193
2018-10-14T20:00:00,52.329,,13/10/2018 14:40,55.56530762
2018-10-14T20:15:00,52.533,,13/10/2018 14:45,58.3494047
2018-10-14T20:30:00,52.126,,13/10/2018 14:50,62.12035895
2018-10-14T20:45:00,52.228,,13/10/2018 14:55,62.40602935
2018-10-14T21:00:00,52.024,,13/10/2018 15:00,61.78247543
2018-10-14T21:15:00,51.822,,13/10/2018 15:05,59.97512106
2018-10-14T21:30:00,51.317,,13/10/2018 15:10,63.28100354
2018-10-14T21:45:00,51.418,,13/10/2018 15:15,63.93204491
2018-10-14T22:00:00,51.016,,13/10/2018 15:20,65.78399553
2018-10-14T22:15:00,51.116,,13/10/2018 15:25,69.37663405
2018-10-14T22:30:00,50.815,,13/10/2018 15:30,70.47563799
2018-10-14T22:45:00,50.715,,13/10/2018 15:35,69.14968963
2018-10-14T23:00:00,50.316,,13/10/2018 15:40,69.42260483
2018-10-14T23:15:00,50.516,,13/10/2018 15:45,68.41759821
2018-10-14T23:30:00,49.92,,13/10/2018 15:50,74.24980207
2018-10-14T23:45:00,50.217,,13/10/2018 15:55,73.64554151
2018-10-15T00:00:00,49.92,,13/10/2018 16:00,73.78729894
2018-10-15T00:15:00,49.92,,13/10/2018 16:05,75.7635906
2018-10-15T00:30:00,49.328,,13/10/2018 16:10,70.43905271
2018-10-15T00:45:00,49.426,,13/10/2018 16:15,71.88574922
2018-10-15T01:00:00,49.23,,13/10/2018 16:20,73.89441731
2018-10-15T01:15:00,49.034,,13/10/2018 16:25,73.8396411
2018-10-15T01:30:00,48.838,,13/10/2018 16:30,71.91381106
2018-10-15T01:45:00,48.74,,13/10/2018 16:35,71.87545849
2018-10-15T02:00:00,48.448,,13/10/2018 16:40,73.75315637
2018-10-15T02:15:00,48.448,,13/10/2018 16:45,68.37768158
2018-10-15T02:30:00,48.254,,13/10/2018 16:50,70.10035956
2018-10-15T02:45:00,47.964,,13/10/2018 16:55,70.94004972
2018-10-15T03:00:00,47.867,,13/10/2018 17:00,67.42265645
2018-10-15T03:15:00,47.867,,13/10/2018 17:05,69.36670988
2018-10-15T03:30:00,47.578,,13/10/2018 17:10,68.93741791
2018-10-15T03:45:00,47.386,,13/10/2018 17:15,69.20018441
2018-10-15T04:00:00,47.29,,13/10/2018 17:20,69.38123174
2018-10-15T04:15:00,47.195,,13/10/2018 17:25,65.73948475
2018-10-15T04:30:00,47.004,,13/10/2018 17:30,63.59586561
2018-10-15T04:45:00,46.718,,13/10/2018 17:35,64.93365698
2018-10-15T05:00:00,46.623,,13/10/2018 17:40,63.90158779
2018-10-15T05:15:00,46.623,,13/10/2018 17:45,63.89188652
2018-10-15T05:30:00,46.338,,13/10/2018 17:50,60.29194831
2018-10-15T05:45:00,46.244,,13/10/2018 17:55,61.81648628
2018-10-15T06:00:00,46.149,,13/10/2018 18:00,62.4260865
2018-10-15T06:15:00,45.867,,13/10/2018 18:05,58.79289664
2018-10-15T06:30:00,45.773,,13/10/2018 18:10,59.91859146
2018-10-15T06:45:00,45.773,,13/10/2018 18:15,60.61603518
2018-10-15T07:00:00,45.398,,13/10/2018 18:20,57.60067559
2018-10-15T07:15:00,45.305,,13/10/2018 18:25,58.16249113
2018-10-15T07:30:00,45.212,,13/10/2018 18:30,55.25479931
2018-10-15T07:45:00,44.932,,13/10/2018 18:35,58.16231293
2018-10-15T08:00:00,44.747,,13/10/2018 18:40,55.51105686
2018-10-15T08:15:00,44.747,,13/10/2018 18:45,58.46320415
2018-10-15T08:30:00,44.377,,13/10/2018 18:50,57.57856484
2018-10-15T08:45:00,44.285,,13/10/2018 18:55,56.36476591
2018-10-15T09:00:00,44.101,,13/10/2018 19:00,55.48869718
2018-10-15T09:15:00,43.918,,13/10/2018 19:05,57.84757137
2018-10-15T09:30:00,43.827,,13/10/2018 19:10,56.68795733
2018-10-15T09:45:00,43.462,,13/10/2018 19:15,56.12917582
2018-10-15T10:00:00,43.644,,13/10/2018 19:20,58.76907761
2018-10-15T10:15:00,43.28,,13/10/2018 19:25,56.94714377
2018-10-15T10:30:00,43.099,,13/10/2018 19:30,57.85193934
2018-10-15T10:45:00,42.918,,13/10/2018 19:35,59.9872767
2018-10-15T11:00:00,42.647,,13/10/2018 19:40,56.96706874
2018-10-15T11:15:00,42.557,,13/10/2018 19:45,56.66923867
2018-10-15T11:30:00,42.378,,13/10/2018 19:50,55.81382289
2018-10-15T11:45:00,42.288,,13/10/2018 19:55,55.22017238
2018-10-15T12:00:00,41.931,,13/10/2018 20:00,57.2400211
2018-10-15T12:15:00,41.931,,13/10/2018 20:05,56.95290227
2018-10-15T12:30:00,41.753,,13/10/2018 20:10,59.69178167
2018-10-15T12:45:00,41.753,,13/10/2018 20:15,58.48584619
2018-10-15T13:00:00,41.311,,13/10/2018 20:20,56.16146999
2018-10-15T13:15:00,41.399,,13/10/2018 20:25,54.70493426
2018-10-15T13:30:00,41.134,,13/10/2018 20:30,58.42471637
2018-10-15T13:45:00,41.223,,13/10/2018 20:35,57.3208058
2018-10-15T14:00:00,40.959,,13/10/2018 20:40,57.57193136
2018-10-15T14:15:00,40.871,,13/10/2018 20:45,58.76849562
2018-10-15T14:30:00,40.696,,13/10/2018 20:50,59.31976438
2018-10-15T14:45:00,40.608,,13/10/2018 20:55,56.17169123
2018-10-15T15:00:00,40.173,,13/10/2018 21:00,55.04801626
2018-10-15T15:15:00,40.347,,13/10/2018 21:05,57.54637854
2018-10-15T15:30:00,40.087,,13/10/2018 21:10,52.37889565
2018-10-15T15:45:00,39.827,,13/10/2018 21:15,55.21327341
2018-10-15T16:00:00,39.741,,13/10/2018 21:20,55.22616111
2018-10-15T16:15:00,39.569,,13/10/2018 21:25,54.10190149
2018-10-15T16:30:00,39.483,,13/10/2018 21:30,54.05917628
2018-10-15T16:45:00,39.397,,13/10/2018 21:35,53.21977833
2018-10-15T17:00:00,38.97,,13/10/2018 21:40,52.91175283
2018-10-15T17:15:00,39.055,,13/10/2018 21:45,50.95738447
2018-10-15T17:30:00,38.8,,13/10/2018 21:50,50.99174318
2018-10-15T17:45:00,38.715,,13/10/2018 21:55,50.98484569
2018-10-15T18:00:00,38.63,,13/10/2018 22:00,50.77238379
2018-10-15T18:15:00,38.461,,13/10/2018 22:05,48.83588888
2018-10-15T18:30:00,38.376,,13/10/2018 22:10,48.70995987
2018-10-15T18:45:00,38.208,,13/10/2018 22:15,49.71445866
2018-10-15T19:00:00,38.04,,13/10/2018 22:20,47.98416677
2018-10-15T19:15:00,37.956,,13/10/2018 22:25,47.06288213
2018-10-15T19:30:00,37.788,,13/10/2018 22:30,49.53353259
2018-10-15T19:45:00,37.788,,13/10/2018 22:35,47.96608198
2018-10-15T20:00:00,37.538,,13/10/2018 22:40,42.92358735
2018-10-15T20:15:00,37.621,,13/10/2018 22:45,43.715929
2018-10-15T20:30:00,37.372,,13/10/2018 22:50,42.9708166
2018-10-15T20:45:00,37.206,,13/10/2018 22:55,42.13740528
2018-10-15T21:00:00,37.123,,13/10/2018 23:00,43.79988157
2018-10-15T21:15:00,36.958,,13/10/2018 23:05,42.6607663
2018-10-15T21:30:00,36.793,,13/10/2018 23:10,41.71158244
2018-10-15T21:45:00,36.547,,13/10/2018 23:15,39.9580885
2018-10-15T22:00:00,36.465,,13/10/2018 23:20,40.47435162
2018-10-15T22:15:00,36.465,,13/10/2018 23:25,39.91409456
2018-10-15T22:30:00,36.22,,13/10/2018 23:30,39.11913266
2018-10-15T22:45:00,36.22,,13/10/2018 23:35,38.1889528
2018-10-15T23:00:00,35.895,,13/10/2018 23:40,39.08517421
2018-10-15T23:15:00,35.895,,13/10/2018 23:45,38.18151261
2018-10-15T23:30:00,35.814,,13/10/2018 23:50,37.57671019
2018-10-15T23:45:00,35.653,,13/10/2018 23:55,35.74961528
2018-10-16T00:00:00,35.491,,14/10/2018 00:00,35.63567523
2018-10-16T00:15:00,35.491,,14/10/2018 00:05,35.27014895
2018-10-16T00:30:00,35.331,,14/10/2018 00:10,36.34511368
2018-10-16T00:45:00,35.17,,14/10/2018 00:15,35.64740122
2018-10-16T01:00:00,34.931,,14/10/2018 00:20,33.43303172
2018-10-16T01:15:00,34.931,,14/10/2018 00:25,33.84939608
2018-10-16T01:30:00,34.692,,14/10/2018 00:30,33.49144462
2018-10-16T01:45:00,34.692,,14/10/2018 00:35,34.48361387
2018-10-16T02:00:00,34.613,,14/10/2018 00:40,33.15742196
2018-10-16T02:15:00,34.218,,14/10/2018 00:45,33.43049477
2018-10-16T02:30:00,34.218,,14/10/2018 00:50,31.98155148
2018-10-16T02:45:00,34.061,,14/10/2018 00:55,31.37662537
2018-10-16T03:00:00,34.061,,14/10/2018 01:00,31.39340706
2018-10-16T03:15:00,33.748,,14/10/2018 01:05,30.94128925
2018-10-16T03:30:00,33.748,,14/10/2018 01:10,30.75547856
2018-10-16T03:45:00,33.592,,14/10/2018 01:15,31.35466916
2018-10-16T04:00:00,33.592,,14/10/2018 01:20,28.52939005
2018-10-16T04:15:00,33.359,,14/10/2018 01:25,29.00863291
2018-10-16T04:30:00,33.204,,14/10/2018 01:30,29.61066025
2018-10-16T04:45:00,33.127,,14/10/2018 01:35,28.33650343
2018-10-16T05:00:00,33.049,,14/10/2018 01:40,27.51940735
2018-10-16T05:15:00,32.819,,14/10/2018 01:45,27.53275868
2018-10-16T05:30:00,32.819,,14/10/2018 01:50,26.85623662
2018-10-16T05:45:00,32.665,,14/10/2018 01:55,26.89552092
2018-10-16T06:00:00,32.742,,14/10/2018 02:00,25.67697584
2018-10-16T06:15:00,32.513,,14/10/2018 02:05,26.81901114
2018-10-16T06:30:00,32.513,,14/10/2018 02:10,25.15205698
2018-10-16T06:45:00,32.208,,14/10/2018 02:15,25.24329059
2018-10-16T07:00:00,32.208,,14/10/2018 02:20,24.70675051
2018-10-16T07:15:00,32.057,,14/10/2018 02:25,24.70087854
2018-10-16T07:30:00,31.981,,14/10/2018 02:30,25.13039589
2018-10-16T07:45:00,31.755,,14/10/2018 02:35,25.13635057
2018-10-16T08:00:00,31.83,,14/10/2018 02:40,23.67749445
2018-10-16T08:15:00,31.605,,14/10/2018 02:45,24.09668544
2018-10-16T08:30:00,31.53,,14/10/2018 02:50,23.66887259
2018-10-16T08:45:00,31.306,,14/10/2018 02:55,22.85633478
2018-10-16T09:00:00,31.38,,14/10/2018 03:00,24.39421034
2018-10-16T09:15:00,31.157,,14/10/2018 03:05,22.51276421
2018-10-16T09:30:00,31.082,,14/10/2018 03:10,22.07997895
2018-10-16T09:45:00,30.86,,14/10/2018 03:15,22.82859362
2018-10-16T10:00:00,30.786,,14/10/2018 03:20,22.19836654
2018-10-16T10:15:00,30.639,,14/10/2018 03:25,22.08425776
2018-10-16T10:30:00,30.712,,14/10/2018 03:30,22.56478738
2018-10-16T10:45:00,30.565,,14/10/2018 03:35,21.36964696
2018-10-16T11:00:00,30.492,,14/10/2018 03:40,21.36295095
2018-10-16T11:15:00,30.639,,14/10/2018 03:45,21.47601762
2018-10-16T11:30:00,30.418,,14/10/2018 03:50,20.64016991
2018-10-16T11:45:00,30.345,,14/10/2018 03:55,20.62425522
2018-10-16T12:00:00,30.272,,14/10/2018 04:00,19.94564472
2018-10-16T12:15:00,30.199,,14/10/2018 04:05,19.67299037
2018-10-16T12:30:00,30.053,,14/10/2018 04:10,18.79001261
2018-10-16T12:45:00,30.053,,14/10/2018 04:15,18.80153031
2018-10-16T13:00:00,29.981,,14/10/2018 04:20,18.78171022
2018-10-16T13:15:00,29.763,,14/10/2018 04:25,18.37575729
2018-10-16T13:30:00,29.547,,14/10/2018 04:30,18.59191368
2018-10-16T13:45:00,29.619,,14/10/2018 04:35,17.93507141
2018-10-16T14:00:00,29.475,,14/10/2018 04:40,18.40019509
2018-10-16T14:15:00,29.331,,14/10/2018 04:45,17.93574562
2018-10-16T14:30:00,29.331,,14/10/2018 04:50,17.6053992
2018-10-16T14:45:00,29.331,,14/10/2018 04:55,17.14243596
2018-10-16T15:00:00,29.116,,14/10/2018 05:00,17.24316439
2018-10-16T15:15:00,29.045,,14/10/2018 05:05,18.36277484
2018-10-16T15:30:00,28.974,,14/10/2018 05:10,16.76426893
2018-10-16T15:45:00,28.832,,14/10/2018 05:15,17.13652276
2018-10-16T16:00:00,28.761,,14/10/2018 05:20,16.58919512
2018-10-16T16:15:00,28.619,,14/10/2018 05:25,16.31316423
2018-10-16T16:30:00,28.549,,14/10/2018 05:30,15.96007526
2018-10-16T16:45:00,28.549,,14/10/2018 05:35,16.32051345
2018-10-16T17:00:00,28.478,,14/10/2018 05:40,16.35308588
2018-10-16T17:15:00,28.408,,14/10/2018 05:45,15.59035285
2018-10-16T17:30:00,28.268,,14/10/2018 05:50,15.94925429
2018-10-16T17:45:00,28.198,,14/10/2018 05:55,15.34279246
2018-10-16T18:00:00,28.058,,14/10/2018 06:00,15.35078337
2018-10-16T18:15:00,27.918,,14/10/2018 06:05,15.55281276
2018-10-16T18:30:00,27.849,,14/10/2018 06:10,14.84192308
2018-10-16T18:45:00,27.71,,14/10/2018 06:15,14.81472565
2018-10-16T19:00:00,27.779,,14/10/2018 06:20,14.81593027
2018-10-16T19:15:00,27.572,,14/10/2018 06:25,14.78147954
2018-10-16T19:30:00,27.572,,14/10/2018 06:30,14.09023463
2018-10-16T19:45:00,27.434,,14/10/2018 06:35,14.38843982
2018-10-16T20:00:00,27.434,,14/10/2018 06:40,14.75603713
2018-10-16T20:15:00,27.297,,14/10/2018 06:45,14.40734575
2018-10-16T20:30:00,27.091,,14/10/2018 06:50,14.13379643
2018-10-16T20:45:00,27.091,,14/10/2018 06:55,14.68326199
2018-10-16T21:00:00,26.955,,14/10/2018 07:00,13.68431596
2018-10-16T21:15:00,26.955,,14/10/2018 07:05,13.29512892
2018-10-16T21:30:00,26.887,,14/10/2018 07:10,13.71421257
2018-10-16T21:45:00,26.819,,14/10/2018 07:15,13.27330653
2018-10-16T22:00:00,26.683,,14/10/2018 07:20,13.29597406
2018-10-16T22:15:00,26.683,,14/10/2018 07:25,13.27387358
2018-10-16T22:30:00,26.48,,14/10/2018 07:30,12.94775939
2018-10-16T22:45:00,26.548,,14/10/2018 07:35,12.96103299
2018-10-16T23:00:00,26.346,,14/10/2018 07:40,12.91524269
2018-10-16T23:15:00,26.413,,14/10/2018 07:45,12.91849161
2018-10-16T23:30:00,26.346,,14/10/2018 07:50,12.60316451
2018-10-16T23:45:00,26.279,,14/10/2018 07:55,12.90742796
2018-10-17T00:00:00,26.145,,14/10/2018 08:00,12.61255789
2018-10-17T00:15:00,26.145,,14/10/2018 08:05,12.54468718
2018-10-17T00:30:00,25.945,,14/10/2018 08:10,12.54706526
2018-10-17T00:45:00,26.011,,14/10/2018 08:15,12.3515305
2018-10-17T01:00:00,25.812,,14/10/2018 08:20,12.54706526
2018-10-17T01:15:00,25.878,,14/10/2018 08:25,12.59777525
2018-10-17T01:30:00,25.613,,14/10/2018 08:30,11.90051017
2018-10-17T01:45:00,25.679,,14/10/2018 08:35,11.86857813
2018-10-17T02:00:00,25.547,,14/10/2018 08:40,11.8558639
2018-10-17T02:15:00,25.547,,14/10/2018 08:45,11.8558639
2018-10-17T02:30:00,25.284,,14/10/2018 08:50,11.90870682
2018-10-17T02:45:00,25.481,,14/10/2018 08:55,11.48337025
2018-10-17T03:00:00,25.35,,14/10/2018 09:00,11.72149422
2018-10-17T03:15:00,25.35,,14/10/2018 09:05,11.49474559
2018-10-17T03:30:00,25.088,,14/10/2018 09:10,11.20396854
2018-10-17T03:45:00,25.154,,14/10/2018 09:15,11.20396854
2018-10-17T04:00:00,25.023,,14/10/2018 09:20,11.48606262
2018-10-17T04:15:00,24.958,,14/10/2018 09:25,11.12800005
2018-10-17T04:30:00,24.893,,14/10/2018 09:30,11.19910566
2018-10-17T04:45:00,24.828,,14/10/2018 09:35,11.17673995
2018-10-17T05:00:00,24.764,,14/10/2018 09:40,11.53265168
2018-10-17T05:15:00,24.699,,14/10/2018 09:45,11.20021484
2018-10-17T05:30:00,24.634,,14/10/2018 09:50,10.80468399
2018-10-17T05:45:00,24.57,,14/10/2018 09:55,11.12851204
2018-10-17T06:00:00,24.506,,14/10/2018 10:00,11.17596746
2018-10-17T06:15:00,24.441,,14/10/2018 10:05,10.8179935
2018-10-17T06:30:00,24.377,,14/10/2018 10:10,10.4805318
2018-10-17T06:45:00,24.313,,14/10/2018 10:15,10.4779869
2018-10-17T07:00:00,24.186,,14/10/2018 10:20,10.7960637
2018-10-17T07:15:00,24.186,,14/10/2018 10:25,10.62171146
2018-10-17T07:30:00,24.122,,14/10/2018 10:30,10.46049247
2018-10-17T07:45:00,24.122,,14/10/2018 10:35,10.46303951
2018-10-17T08:00:00,23.995,,14/10/2018 10:40,10.81113237
2018-10-17T08:15:00,24.058,,14/10/2018 10:45,10.47182857
2018-10-17T08:30:00,23.995,,14/10/2018 10:50,10.80761728
2018-10-17T08:45:00,23.995,,14/10/2018 10:55,10.20448615
2018-10-17T09:00:00,23.805,,14/10/2018 11:00,10.15432568
2018-10-17T09:15:00,23.868,,14/10/2018 11:05,10.18569385
2018-10-17T09:30:00,23.742,,14/10/2018 11:10,9.835104492
2018-10-17T09:45:00,23.679,,14/10/2018 11:15,10.63513652
2018-10-17T10:00:00,23.616,,14/10/2018 11:20,9.837548984
2018-10-17T10:15:00,23.49,,14/10/2018 11:25,9.605024157
2018-10-17T10:30:00,23.49,,14/10/2018 11:30,9.825718153
2018-10-17T10:45:00,23.428,,14/10/2018 11:35,9.60106785
2018-10-17T11:00:00,23.303,,14/10/2018 11:40,10.12436673
2018-10-17T11:15:00,23.303,,14/10/2018 11:45,9.589970321
2018-10-17T11:30:00,23.24,,14/10/2018 11:50,9.809458897
2018-10-17T11:45:00,23.24,,14/10/2018 11:55,9.595325895
2018-10-17T12:00:00,23.178,,14/10/2018 12:00,9.595325895
2018-10-17T12:15:00,23.054,,14/10/2018 12:05,9.830135837
2018-10-17T12:30:00,22.992,,14/10/2018 12:10,9.813646667
2018-10-17T12:45:00,22.93,,14/10/2018 12:15,9.582442187
2018-10-17T13:00:00,22.807,,14/10/2018 12:20,9.836763757
2018-10-17T13:15:00,22.807,,14/10/2018 12:25,9.477516304
2018-10-17T13:30:00,22.684,,14/10/2018 12:30,9.223212397
2018-10-17T13:45:00,22.623,,14/10/2018 12:35,9.807724903
2018-10-17T14:00:00,22.623,,14/10/2018 12:40,9.193509218
2018-10-17T14:15:00,22.623,,14/10/2018 12:45,9.566515638
2018-10-17T14:30:00,22.501,,14/10/2018 12:50,9.18647319
2018-10-17T14:45:00,22.44,,14/10/2018 12:55,9.214528638
2018-10-17T15:00:00,22.44,,14/10/2018 13:00,9.163988276
2018-10-17T15:15:00,22.379,,14/10/2018 13:05,9.188818814
2018-10-17T15:30:00,22.257,,14/10/2018 13:10,9.230086464
2018-10-17T15:45:00,22.257,,14/10/2018 13:15,9.036550416
2018-10-17T16:00:00,22.136,,14/10/2018 13:20,8.878267669
2018-10-17T16:15:00,22.076,,14/10/2018 13:25,9.050305574
2018-10-17T16:30:00,22.016,,14/10/2018 13:30,7.772287424
2018-10-17T16:45:00,21.895,,14/10/2018 13:35,8.878936796
2018-10-17T17:00:00,21.955,,14/10/2018 13:40,8.873165271
2018-10-17T17:15:00,21.835,,14/10/2018 13:45,8.873165271
2018-10-17T17:30:00,21.835,,14/10/2018 13:50,8.865759392
2018-10-17T17:45:00,21.775,,14/10/2018 13:55,8.859983636
2018-10-17T18:00:00,21.775,,14/10/2018 14:00,8.870431416
2018-10-17T18:15:00,21.716,,14/10/2018 14:05,8.848645954
2018-10-17T18:30:00,21.716,,14/10/2018 14:10,8.851908071
2018-10-17T18:45:00,21.537,,14/10/2018 14:15,7.549711187
2018-10-17T19:00:00,21.596,,14/10/2018 14:20,7.549711187
2018-10-17T19:15:00,21.418,,14/10/2018 14:25,8.869291953
2018-10-17T19:30:00,21.418,,14/10/2018 14:30,7.698095345
2018-10-17T19:45:00,21.241,,14/10/2018 14:35,7.660999306
2018-10-17T20:00:00,21.359,,14/10/2018 14:40,8.851438291
2018-10-17T20:15:00,21.182,,14/10/2018 14:45,7.290038909
2018-10-17T20:30:00,21.241,,14/10/2018 14:50,7.401327028
2018-10-17T20:45:00,21.006,,14/10/2018 14:55,7.735191385
2018-10-17T21:00:00,21.123,,14/10/2018 15:00,7.772287424
2018-10-17T21:15:00,20.889,,14/10/2018 15:05,7.401327028
2018-10-17T21:30:00,20.947,,14/10/2018 15:10,7.25294287
2018-10-17T21:45:00,20.772,,14/10/2018 15:15,7.178750791
2018-10-17T22:00:00,20.831,,14/10/2018 15:20,7.104558711
2018-10-17T22:15:00,20.598,,14/10/2018 15:25,7.364230989
2018-10-17T22:30:00,20.772,,14/10/2018 15:30,7.030366632
2018-10-17T22:45:00,20.541,,14/10/2018 15:35,7.290038909
2018-10-17T23:00:00,20.656,,14/10/2018 15:40,7.25294287
2018-10-17T23:15:00,20.483,,14/10/2018 15:45,7.141654751
2018-10-17T23:30:00,20.598,,14/10/2018 15:50,7.104558711
2018-10-17T23:45:00,20.31,,14/10/2018 15:55,7.104558711
2018-10-18T00:00:00,20.368,,14/10/2018 16:00,6.993270593
2018-10-18T00:15:00,20.253,,14/10/2018 16:05,7.25294287
2018-10-18T00:30:00,20.253,,14/10/2018 16:10,6.956174553
2018-10-18T00:45:00,20.139,,14/10/2018 16:15,6.844886434
2018-10-18T01:00:00,20.196,,14/10/2018 16:20,6.809355479
2018-10-18T01:15:00,20.025,,14/10/2018 16:25,6.809355479
2018-10-18T01:30:00,20.025,,14/10/2018 16:30,6.881982474
2018-10-18T01:45:00,19.911,,14/10/2018 16:35,6.956174553
2018-10-18T02:00:00,19.968,,14/10/2018 16:40,6.671783877
2018-10-18T02:15:00,19.798,,14/10/2018 16:45,6.362247773
2018-10-18T02:30:00,19.855,,14/10/2018 16:50,6.568605176
2018-10-18T02:45:00,19.685,,14/10/2018 16:55,6.671783877
2018-10-18T03:00:00,19.742,,14/10/2018 17:00,6.602998076
2018-10-18T03:15:00,19.629,,14/10/2018 17:05,6.534212275
2018-10-18T03:30:00,19.685,,14/10/2018 17:10,6.327854872
2018-10-18T03:45:00,19.573,,14/10/2018 17:15,6.465426474
2018-10-18T04:00:00,19.573,,14/10/2018 17:20,6.919078513
2018-10-18T04:15:00,19.461,,14/10/2018 17:25,6.671783877
2018-10-18T04:30:00,19.405,,14/10/2018 17:30,6.327854872
2018-10-18T04:45:00,19.294,,14/10/2018 17:35,6.327854872
2018-10-18T05:00:00,19.294,,14/10/2018 17:40,6.362247773
2018-10-18T05:15:00,19.183,,14/10/2018 17:45,5.949532967
2018-10-18T05:30:00,19.183,,14/10/2018 17:50,6.259069071
2018-10-18T05:45:00,19.072,,14/10/2018 17:55,6.431033574
2018-10-18T06:00:00,19.072,,14/10/2018 18:00,6.293461972
2018-10-18T06:15:00,18.907,,14/10/2018 18:05,6.190283271
2018-10-18T06:30:00,18.907,,14/10/2018 18:10,6.293461972
2018-10-18T06:45:00,18.907,,14/10/2018 18:15,6.018318768
2018-10-18T07:00:00,18.852,,14/10/2018 18:20,6.259069071
2018-10-18T07:15:00,18.852,,14/10/2018 18:25,6.087104569
2018-10-18T07:30:00,18.852,,14/10/2018 18:30,6.087104569
2018-10-18T07:45:00,18.688,,14/10/2018 18:35,6.15589037
2018-10-18T08:00:00,18.688,,14/10/2018 18:40,6.190283271
2018-10-18T08:15:00,18.633,,14/10/2018 18:45,6.052711669
2018-10-18T08:30:00,18.579,,14/10/2018 18:50,5.983925868
2018-10-18T08:45:00,18.525,,14/10/2018 18:55,6.12149747
2018-10-18T09:00:00,18.416,,14/10/2018 19:00,6.12149747
2018-10-18T09:15:00,18.362,,14/10/2018 19:05,6.018318768
2018-10-18T09:30:00,18.362,,14/10/2018 19:10,5.750705592
2018-10-18T09:45:00,18.255,,14/10/2018 19:15,5.983925868
2018-10-18T10:00:00,18.255,,14/10/2018 19:20,5.915140067
2018-10-18T10:15:00,18.255,,14/10/2018 19:25,5.812634491
2018-10-18T10:30:00,18.147,,14/10/2018 19:30,5.719741143
2018-10-18T10:45:00,18.094,,14/10/2018 19:35,5.880747166
2018-10-18T11:00:00,18.094,,14/10/2018 19:40,5.564918895
2018-10-18T11:15:00,18.04,,14/10/2018 19:45,5.626847794
2018-10-18T11:30:00,17.934,,14/10/2018 19:50,5.688776693
2018-10-18T11:45:00,17.934,,14/10/2018 19:55,5.812634491
2018-10-18T12:00:00,17.881,,14/10/2018 20:00,5.657812244
2018-10-18T12:15:00,17.881,,14/10/2018 20:05,5.502989996
2018-10-18T12:30:00,17.775,,14/10/2018 20:10,5.564918895
2018-10-18T12:45:00,17.722,,14/10/2018 20:15,5.688776693
2018-10-18T13:00:00,17.669,,14/10/2018 20:20,5.502989996
2018-10-18T13:15:00,17.669,,14/10/2018 20:25,5.595883345
2018-10-18T13:30:00,17.616,,14/10/2018 20:30,5.626847794
2018-10-18T13:45:00,17.564,,14/10/2018 20:35,5.719741143
2018-10-18T14:00:00,17.511,,14/10/2018 20:40,5.410096648
2018-10-18T14:15:00,17.511,,14/10/2018 20:45,5.472025547
2018-10-18T14:30:00,17.407,,14/10/2018 20:50,5.348167749
2018-10-18T14:45:00,17.407,,14/10/2018 20:55,5.410096648
2018-10-18T15:00:00,17.355,,14/10/2018 21:00,5.28623885
2018-10-18T15:15:00,17.355,,14/10/2018 21:05,5.317203299
2018-10-18T15:30:00,17.25,,14/10/2018 21:10,5.472025547
2018-10-18T15:45:00,17.25,,14/10/2018 21:15,5.410096648
2018-10-18T16:00:00,17.147,,14/10/2018 21:20,5.224309951
2018-10-18T16:15:00,17.147,,14/10/2018 21:25,5.410096648
2018-10-18T16:30:00,17.043,,14/10/2018 21:30,5.502989996
2018-10-18T16:45:00,17.043,,14/10/2018 21:35,5.193345501
2018-10-18T17:00:00,16.992,,14/10/2018 21:40,5.100452153
2018-10-18T17:15:00,16.94,,14/10/2018 21:45,5.379132198
2018-10-18T17:30:00,16.94,,14/10/2018 21:50,5.28623885
2018-10-18T17:45:00,16.94,,14/10/2018 21:55,5.28623885
2018-10-18T18:00:00,16.838,,14/10/2018 22:00,5.193345501
2018-10-18T18:15:00,16.838,,14/10/2018 22:05,4.976594355
2018-10-18T18:30:00,16.787,,14/10/2018 22:10,5.007558804
2018-10-18T18:45:00,16.685,,14/10/2018 22:15,5.069487703
2018-10-18T19:00:00,16.634,,14/10/2018 22:20,5.100452153
2018-10-18T19:15:00,16.583,,14/10/2018 22:25,5.131416602
2018-10-18T19:30:00,16.583,,14/10/2018 22:30,5.038523254
2018-10-18T19:45:00,16.583,,14/10/2018 22:35,5.007558804
2018-10-18T20:00:00,16.532,,14/10/2018 22:40,5.007558804
2018-10-18T20:15:00,16.482,,14/10/2018 22:45,5.131416602
2018-10-18T20:30:00,16.331,,14/10/2018 22:50,5.038523254
2018-10-18T20:45:00,16.381,,14/10/2018 22:55,4.823475567
2018-10-18T21:00:00,16.331,,14/10/2018 23:00,4.823475567
2018-10-18T21:15:00,16.28,,14/10/2018 23:05,4.794474037
2018-10-18T21:30:00,16.23,,14/10/2018 23:10,4.852736557
2018-10-18T21:45:00,16.23,,14/10/2018 23:15,4.945629906
2018-10-18T22:00:00,16.18,,14/10/2018 23:20,4.736470977
2018-10-18T22:15:00,16.18,,14/10/2018 23:25,4.914665456
2018-10-18T22:30:00,16.08,,14/10/2018 23:30,4.823475567
2018-10-18T22:45:00,16.031,,14/10/2018 23:35,4.823475567
2018-10-18T23:00:00,15.981,,14/10/2018 23:40,4.736470977
2018-10-18T23:15:00,15.981,,14/10/2018 23:45,4.504458738
2018-10-18T23:30:00,15.981,,14/10/2018 23:50,4.678467917
2018-10-18T23:45:00,15.932,,14/10/2018 23:55,4.649466387
2018-10-19T00:00:00,15.833,,15/10/2018 00:00,4.852736557
2018-10-19T00:15:00,15.833,,15/10/2018 00:05,4.562461798
2018-10-19T00:30:00,15.783,,15/10/2018 00:10,4.649466387
2018-10-19T00:45:00,15.685,,15/10/2018 00:15,4.591463328
2018-10-19T01:00:00,15.685,,15/10/2018 00:20,4.562461798
2018-10-19T01:15:00,15.587,,15/10/2018 00:25,4.678467917
2018-10-19T01:30:00,15.587,,15/10/2018 00:30,4.765472507
2018-10-19T01:45:00,15.49,,15/10/2018 00:35,4.591463328
2018-10-19T02:00:00,15.49,,15/10/2018 00:40,4.678467917
2018-10-19T02:15:00,15.296,,15/10/2018 00:45,4.475457208
2018-10-19T02:30:00,15.441,,15/10/2018 00:50,4.649466387
2018-10-19T02:45:00,15.296,,15/10/2018 00:55,4.446455678
2018-10-19T03:00:00,15.344,,15/10/2018 01:00,4.533460268
2018-10-19T03:15:00,15.248,,15/10/2018 01:05,4.533460268
2018-10-19T03:30:00,15.199,,15/10/2018 01:10,4.562461798
2018-10-19T03:45:00,15.151,,15/10/2018 01:15,4.475457208
2018-10-19T04:00:00,15.199,,15/10/2018 01:20,4.215331422
2018-10-19T04:15:00,15.055,,15/10/2018 01:25,4.215331422
2018-10-19T04:30:00,15.151,,15/10/2018 01:30,4.295746715
2018-10-19T04:45:00,15.055,,15/10/2018 01:35,4.349356911
2018-10-19T05:00:00,15.103,,15/10/2018 01:40,4.268941618
2018-10-19T05:15:00,15.008,,15/10/2018 01:45,4.359451089
2018-10-19T05:30:00,14.96,,15/10/2018 01:50,4.215331422
2018-10-19T05:45:00,14.912,,15/10/2018 01:55,4.446455678
2018-10-19T06:00:00,14.96,,15/10/2018 02:00,4.388452619
2018-10-19T06:15:00,14.817,,15/10/2018 02:05,4.446455678
2018-10-19T06:30:00,14.817,,15/10/2018 02:10,4.349356911
2018-10-19T06:45:00,14.865,,15/10/2018 02:15,4.295746715
2018-10-19T07:00:00,14.912,,15/10/2018 02:20,4.24213652
2018-10-19T07:15:00,14.77,,15/10/2018 02:25,4.215331422
2018-10-19T07:30:00,14.723,,15/10/2018 02:30,4.295746715
2018-10-19T07:45:00,14.676,,15/10/2018 02:35,4.056982381
2018-10-19T08:00:00,14.629,,15/10/2018 02:40,4.108111031
2018-10-19T08:15:00,14.629,,15/10/2018 02:45,4.134916129
2018-10-19T08:30:00,14.535,,15/10/2018 02:50,4.134916129
2018-10-19T08:45:00,14.535,,15/10/2018 02:55,4.24213652
2018-10-19T09:00:00,14.629,,15/10/2018 03:00,4.24213652
2018-10-19T09:15:00,14.488,,15/10/2018 03:05,4.188526325
2018-10-19T09:30:00,14.535,,15/10/2018 03:10,4.056982381
2018-10-19T09:45:00,14.348,,15/10/2018 03:15,3.959455108
2018-10-19T10:00:00,14.441,,15/10/2018 03:20,4.108111031
2018-10-19T10:15:00,14.302,,15/10/2018 03:25,4.134916129
2018-10-19T10:30:00,14.302,,15/10/2018 03:30,4.215331422
2018-10-19T10:45:00,14.256,,15/10/2018 03:35,4.108111031
2018-10-19T11:00:00,14.163,,15/10/2018 03:40,4.161721227
2018-10-19T11:15:00,14.163,,15/10/2018 03:45,3.959455108
2018-10-19T11:30:00,14.117,,15/10/2018 03:50,4.108111031
2018-10-19T11:45:00,14.117,,15/10/2018 03:55,4.268941618
2018-10-19T12:00:00,14.025,,15/10/2018 04:00,4.008218745
2018-10-19T12:15:00,14.071,,15/10/2018 04:05,4.032600563
2018-10-19T12:30:00,14.025,,15/10/2018 04:10,4.008218745
2018-10-19T12:45:00,14.025,,15/10/2018 04:15,4.008218745
2018-10-19T13:00:00,14.025,,15/10/2018 04:20,4.008218745
2018-10-19T13:15:00,14.117,,15/10/2018 04:25,4.056982381
2018-10-19T13:30:00,14.071,,15/10/2018 04:30,3.910691472
2018-10-19T13:45:00,13.934,,15/10/2018 04:35,4.056982381
2018-10-19T14:00:00,13.888,,15/10/2018 04:40,4.056982381
2018-10-19T14:15:00,13.934,,15/10/2018 04:45,3.910691472
2018-10-19T14:30:00,13.797,,15/10/2018 04:50,3.886309653
2018-10-19T14:45:00,13.797,,15/10/2018 04:55,3.886309653
2018-10-19T15:00:00,13.707,,15/10/2018 05:00,4.108111031
2018-10-19T15:15:00,13.707,,15/10/2018 05:05,3.886309653
2018-10-19T15:30:00,13.617,,15/10/2018 05:10,4.081364199
2018-10-19T15:45:00,13.527,,15/10/2018 05:15,4.032600563
2018-10-19T16:00:00,13.527,,15/10/2018 05:20,3.959455108
2018-10-19T16:15:00,13.527,,15/10/2018 05:25,3.910691472
2018-10-19T16:30:00,13.527,,15/10/2018 05:30,3.861927835
2018-10-19T16:45:00,13.482,,15/10/2018 05:35,3.959455108
2018-10-19T17:00:00,13.437,,15/10/2018 05:40,3.813164199
2018-10-19T17:15:00,13.393,,15/10/2018 05:45,3.93507329
2018-10-19T17:30:00,13.304,,15/10/2018 05:50,3.861927835
2018-10-19T17:45:00,13.304,,15/10/2018 05:55,3.813164199
2018-10-19T18:00:00,13.259,,15/10/2018 06:00,3.959455108
2018-10-19T18:15:00,13.259,,15/10/2018 06:05,3.740018744
2018-10-19T18:30:00,13.215,,15/10/2018 06:10,3.910691472
2018-10-19T18:45:00,13.171,,15/10/2018 06:15,3.764400562
2018-10-19T19:00:00,13.127,,15/10/2018 06:20,3.813164199
2018-10-19T19:15:00,13.127,,15/10/2018 06:25,3.837546017
2018-10-19T19:30:00,13.039,,15/10/2018 06:30,3.886309653
2018-10-19T19:45:00,13.083,,15/10/2018 06:35,3.764400562
2018-10-19T20:00:00,12.995,,15/10/2018 06:40,3.788782381
2018-10-19T20:15:00,12.995,,15/10/2018 06:45,3.740018744
2018-10-19T20:30:00,12.952,,15/10/2018 06:50,3.788782381
2018-10-19T20:45:00,12.908,,15/10/2018 06:55,3.691255108
2018-10-19T21:00:00,12.908,,15/10/2018 07:00,3.788782381
2018-10-19T21:15:00,12.864,,15/10/2018 07:05,3.764400562
2018-10-19T21:30:00,12.864,,15/10/2018 07:10,3.691255108
2018-10-19T21:45:00,12.778,,15/10/2018 07:15,3.715636926
2018-10-19T22:00:00,12.778,,15/10/2018 07:20,3.715636926
2018-10-19T22:15:00,12.734,,15/10/2018 07:25,3.666873289
2018-10-19T22:30:00,12.734,,15/10/2018 07:30,3.593727835
2018-10-19T22:45:00,12.691,,15/10/2018 07:35,3.618109653
2018-10-19T23:00:00,12.734,,15/10/2018 07:40,3.764400562
2018-10-19T23:15:00,12.648,,15/10/2018 07:45,3.618109653
2018-10-19T23:30:00,12.605,,15/10/2018 07:50,3.618109653
2018-10-19T23:45:00,12.605,,15/10/2018 07:55,3.618109653
2018-10-20T00:00:00,12.519,,15/10/2018 08:00,3.618109653
2018-10-20T00:15:00,12.519,,15/10/2018 08:05,3.569346017
2018-10-20T00:30:00,12.477,,15/10/2018 08:10,3.569346017
2018-10-20T00:45:00,12.434,,15/10/2018 08:15,3.447436925
2018-10-20T01:00:00,12.434,,15/10/2018 08:20,3.52058238
2018-10-20T01:15:00,12.434,,15/10/2018 08:25,3.496200562
2018-10-20T01:30:00,12.391,,15/10/2018 08:30,3.471818744
2018-10-20T01:45:00,12.391,,15/10/2018 08:35,3.423055107
2018-10-20T02:00:00,12.307,,15/10/2018 08:40,3.496200562
2018-10-20T02:15:00,12.264,,15/10/2018 08:45,3.52058238
2018-10-20T02:30:00,12.264,,15/10/2018 08:50,3.569346017
2018-10-20T02:45:00,12.222,,15/10/2018 08:55,3.398673289
2018-10-20T03:00:00,12.18,,15/10/2018 09:00,3.569346017
2018-10-20T03:15:00,12.222,,15/10/2018 09:05,3.25238238
2018-10-20T03:30:00,12.138,,15/10/2018 09:10,3.496200562
2018-10-20T03:45:00,12.18,,15/10/2018 09:15,3.374291471
2018-10-20T04:00:00,12.096,,15/10/2018 09:20,3.544964198
2018-10-20T04:15:00,12.18,,15/10/2018 09:25,3.471818744
2018-10-20T04:30:00,12.096,,15/10/2018 09:30,3.496200562
2018-10-20T04:45:00,12.096,,15/10/2018 09:35,3.325527834
2018-10-20T05:00:00,12.012,,15/10/2018 09:40,3.374291471
2018-10-20T05:15:00,12.012,,15/10/2018 09:45,3.447436925
2018-10-20T05:30:00,11.929,,15/10/2018 09:50,3.325527834
2018-10-20T05:45:00,11.971,,15/10/2018 09:55,3.374291471
2018-10-20T06:00:00,11.846,,15/10/2018 10:00,3.276764198
2018-10-20T06:15:00,11.971,,15/10/2018 10:05,3.374291471
2018-10-20T06:30:00,11.846,,15/10/2018 10:10,3.349909653
2018-10-20T06:45:00,11.929,,15/10/2018 10:15,3.398673289
2018-10-20T07:00:00,11.805,,15/10/2018 10:20,3.349909653
2018-10-20T07:15:00,11.888,,15/10/2018 10:25,3.349909653
2018-10-20T07:30:00,11.723,,15/10/2018 10:30,3.25238238
2018-10-20T07:45:00,11.805,,15/10/2018 10:35,3.230294717
2018-10-20T08:00:00,11.682,,15/10/2018 10:40,3.230294717
2018-10-20T08:15:00,11.805,,15/10/2018 10:45,3.25238238
2018-10-20T08:30:00,11.641,,15/10/2018 10:50,3.25238238
2018-10-20T08:45:00,11.682,,15/10/2018 10:55,3.189837554
2018-10-20T09:00:00,11.518,,15/10/2018 11:00,3.276764198
2018-10-20T09:15:00,11.6,,15/10/2018 11:05,3.210066135
2018-10-20T09:30:00,11.518,,15/10/2018 11:10,3.349909653
2018-10-20T09:45:00,11.6,,15/10/2018 11:15,3.129151809
2018-10-20T10:00:00,11.518,,15/10/2018 11:20,3.210066135
2018-10-20T10:15:00,11.559,,15/10/2018 11:25,3.230294717
2018-10-20T10:30:00,11.478,,15/10/2018 11:30,3.210066135
2018-10-20T10:45:00,11.559,,15/10/2018 11:35,3.169608972
2018-10-20T11:00:00,11.437,,15/10/2018 11:40,3.129151809
2018-10-20T11:15:00,11.437,,15/10/2018 11:45,3.14938039
2018-10-20T11:30:00,11.356,,15/10/2018 11:50,3.210066135
2018-10-20T11:45:00,11.356,,15/10/2018 11:55,3.088694645
2018-10-20T12:00:00,11.276,,15/10/2018 12:00,3.301146016
2018-10-20T12:15:00,11.316,,15/10/2018 12:05,3.169608972
2018-10-20T12:30:00,11.236,,15/10/2018 12:10,3.276764198
2018-10-20T12:45:00,11.236,,15/10/2018 12:15,3.210066135
2018-10-20T13:00:00,11.156,,15/10/2018 12:20,3.230294717
2018-10-20T13:15:00,11.196,,15/10/2018 12:25,3.14938039
2018-10-20T13:30:00,11.116,,15/10/2018 12:30,3.0280089
2018-10-20T13:45:00,11.076,,15/10/2018 12:35,3.088694645
2018-10-20T14:00:00,11.036,,15/10/2018 12:40,3.129151809
2018-10-20T14:15:00,11.076,,15/10/2018 12:45,3.007780318
2018-10-20T14:30:00,10.997,,15/10/2018 12:50,3.0280089
2018-10-20T14:45:00,11.036,,15/10/2018 12:55,3.048237482
2018-10-20T15:00:00,11.036,,15/10/2018 13:00,3.088694645
2018-10-20T15:15:00,10.957,,15/10/2018 13:05,3.0280089
2018-10-20T15:30:00,10.8,,15/10/2018 13:10,3.108923227
2018-10-20T15:45:00,10.918,,15/10/2018 13:15,3.068466063
2018-10-20T16:00:00,10.839,,15/10/2018 13:20,3.0280089
2018-10-20T16:15:00,10.879,,15/10/2018 13:25,2.987551736
2018-10-20T16:30:00,10.761,,15/10/2018 13:30,3.088694645
2018-10-20T16:45:00,10.879,,15/10/2018 13:35,3.048237482
2018-10-20T17:00:00,10.761,,15/10/2018 13:40,3.007780318
2018-10-20T17:15:00,10.879,,15/10/2018 13:45,2.967323155
2018-10-20T17:30:00,10.722,,15/10/2018 13:50,2.926865991
2018-10-20T17:45:00,10.761,,15/10/2018 13:55,2.987551736
2018-10-20T18:00:00,10.567,,15/10/2018 14:00,3.007780318
2018-10-20T18:15:00,10.606,,15/10/2018 14:05,3.007780318
2018-10-20T18:30:00,10.49,,15/10/2018 14:10,3.108923227
2018-10-20T18:45:00,10.567,,15/10/2018 14:15,2.967323155
2018-10-20T19:00:00,10.529,,15/10/2018 14:20,2.90663741
2018-10-20T19:15:00,10.567,,15/10/2018 14:25,3.007780318
2018-10-20T19:30:00,10.49,,15/10/2018 14:30,2.967323155
2018-10-20T19:45:00,10.452,,15/10/2018 14:35,2.886408828
2018-10-20T20:00:00,10.49,,15/10/2018 14:40,2.866180246
2018-10-20T20:15:00,10.452,,15/10/2018 14:45,2.90663741
2018-10-20T20:30:00,10.413,,15/10/2018 14:50,2.886408828
2018-10-20T20:45:00,10.375,,15/10/2018 14:55,2.947094573
2018-10-20T21:00:00,10.413,,15/10/2018 15:00,2.886408828
2018-10-20T21:15:00,10.337,,15/10/2018 15:05,2.90663741
2018-10-20T21:30:00,10.337,,15/10/2018 15:10,2.825723083
2018-10-20T21:45:00,10.375,,15/10/2018 15:15,2.886408828
2018-10-20T22:00:00,10.299,,15/10/2018 15:20,2.90663741
2018-10-20T22:15:00,10.223,,15/10/2018 15:25,2.967323155
2018-10-20T22:30:00,10.223,,15/10/2018 15:30,2.845951664
2018-10-20T22:45:00,10.186,,15/10/2018 15:35,2.886408828
2018-10-20T23:00:00,10.186,,15/10/2018 15:40,2.765037338
2018-10-20T23:15:00,10.148,,15/10/2018 15:45,2.765037338
2018-10-20T23:30:00,10.11,,15/10/2018 15:50,2.866180246
2018-10-20T23:45:00,10.073,,15/10/2018 15:55,2.805494501
2018-10-21T00:00:00,10.073,,15/10/2018 16:00,2.704351592
2018-10-21T00:15:00,10.035,,15/10/2018 16:05,2.845951664
2018-10-21T00:30:00,10.035,,15/10/2018 16:10,2.805494501
2018-10-21T00:45:00,9.961,,15/10/2018 16:15,2.785265919
2018-10-21T01:00:00,9.998,,15/10/2018 16:20,2.785265919
2018-10-21T01:15:00,9.961,,15/10/2018 16:25,2.866180246
2018-10-21T01:30:00,9.961,,15/10/2018 16:30,2.805494501
2018-10-21T01:45:00,9.886,,15/10/2018 16:35,2.785265919
2018-10-21T02:00:00,9.886,,15/10/2018 16:40,2.765037338
2018-10-21T02:15:00,9.849,,15/10/2018 16:45,2.805494501
2018-10-21T02:30:00,9.849,,15/10/2018 16:50,2.886408828
2018-10-21T02:45:00,9.812,,15/10/2018 16:55,2.744808756
2018-10-21T03:00:00,9.849,,15/10/2018 17:00,2.744808756
2018-10-21T03:15:00,9.739,,15/10/2018 17:05,2.744808756
2018-10-21T03:30:00,9.775,,15/10/2018 17:10,2.663894429
2018-10-21T03:45:00,9.702,,15/10/2018 17:15,2.744808756
2018-10-21T04:00:00,9.665,,15/10/2018 17:20,2.825723083
2018-10-21T04:15:00,9.592,,15/10/2018 17:25,2.765037338
2018-10-21T04:30:00,9.629,,15/10/2018 17:30,2.785265919
2018-10-21T04:45:00,9.592,,15/10/2018 17:35,2.805494501
2018-10-21T05:00:00,9.629,,15/10/2018 17:40,2.643665847
2018-10-21T05:15:00,9.556,,15/10/2018 17:45,2.704351592
2018-10-21T05:30:00,9.629,,15/10/2018 17:50,2.744808756
2018-10-21T05:45:00,9.52,,15/10/2018 17:55,2.724580174
2018-10-21T06:00:00,9.52,,15/10/2018 18:00,2.724580174
2018-10-21T06:15:00,9.484,,15/10/2018 18:05,2.765037338
2018-10-21T06:30:00,9.52,,15/10/2018 18:10,2.643665847
2018-10-21T06:45:00,9.484,,15/10/2018 18:15,2.724580174
2018-10-21T07:00:00,9.484,,15/10/2018 18:20,2.643665847
2018-10-21T07:15:00,9.376,,15/10/2018 18:25,2.663894429
2018-10-21T07:30:00,9.412,,15/10/2018 18:30,2.582980102
2018-10-21T07:45:00,9.304,,15/10/2018 18:35,2.684123011
2018-10-21T08:00:00,9.34,,15/10/2018 18:40,2.663894429
2018-10-21T08:15:00,9.304,,15/10/2018 18:45,2.744808756
2018-10-21T08:30:00,9.376,,15/10/2018 18:50,2.663894429
2018-10-21T08:45:00,9.304,,15/10/2018 18:55,2.663894429
2018-10-21T09:00:00,9.34,,15/10/2018 19:00,2.663894429
2018-10-21T09:15:00,9.304,,15/10/2018 19:05,2.663894429
2018-10-21T09:30:00,9.376,,15/10/2018 19:10,2.643665847
2018-10-21T09:45:00,9.268,,15/10/2018 19:15,2.582980102
2018-10-21T10:00:00,9.268,,15/10/2018 19:20,2.623437265
2018-10-21T10:15:00,9.233,,15/10/2018 19:25,2.582980102
2018-10-21T10:30:00,9.233,,15/10/2018 19:30,2.684123011
2018-10-21T10:45:00,9.162,,15/10/2018 19:35,2.663894429
2018-10-21T11:00:00,9.162,,15/10/2018 19:40,2.603208684
2018-10-21T11:15:00,9.091,,15/10/2018 19:45,2.704351592
2018-10-21T11:30:00,9.091,,15/10/2018 19:50,2.522294357
2018-10-21T11:45:00,9.126,,15/10/2018 19:55,2.582980102
2018-10-21T12:00:00,9.091,,15/10/2018 20:00,2.684123011
2018-10-21T12:15:00,9.056,,15/10/2018 20:05,2.542522939
2018-10-21T12:30:00,9.021,,15/10/2018 20:10,2.56275152
2018-10-21T12:45:00,8.986,,15/10/2018 20:15,2.643665847
2018-10-21T13:00:00,8.951,,15/10/2018 20:20,2.582980102
2018-10-21T13:15:00,8.951,,15/10/2018 20:25,2.522294357
2018-10-21T13:30:00,8.916,,15/10/2018 20:30,2.643665847
2018-10-21T13:45:00,8.916,,15/10/2018 20:35,2.623437265
2018-10-21T14:00:00,8.951,,15/10/2018 20:40,2.582980102
2018-10-21T14:15:00,8.881,,15/10/2018 20:45,2.582980102
2018-10-21T14:30:00,8.916,,15/10/2018 20:50,2.502065775
2018-10-21T14:45:00,8.881,,15/10/2018 20:55,2.522294357
2018-10-21T15:00:00,8.881,,15/10/2018 21:00,2.522294357
2018-10-21T15:15:00,8.847,,15/10/2018 21:05,2.542522939
2018-10-21T15:30:00,8.881,,15/10/2018 21:10,2.542522939
2018-10-21T15:45:00,8.777,,15/10/2018 21:15,2.421151448
2018-10-21T16:00:00,8.812,,15/10/2018 21:20,2.603208684
2018-10-21T16:15:00,8.777,,15/10/2018 21:25,2.522294357
2018-10-21T16:30:00,8.777,,15/10/2018 21:30,2.502065775
2018-10-21T16:45:00,8.777,,15/10/2018 21:35,2.542522939
2018-10-21T17:00:00,8.777,,15/10/2018 21:40,2.502065775
2018-10-21T17:15:00,8.709,,15/10/2018 21:45,2.461608612
2018-10-21T17:30:00,8.743,,15/10/2018 21:50,2.44138003
2018-10-21T17:45:00,8.64,,15/10/2018 21:55,2.421151448
2018-10-21T18:00:00,8.606,,15/10/2018 22:00,2.481837193
2018-10-21T18:15:00,8.606,,15/10/2018 22:05,2.481837193
2018-10-21T18:30:00,8.538,,15/10/2018 22:10,2.421151448
2018-10-21T18:45:00,8.538,,15/10/2018 22:15,2.522294357
2018-10-21T19:00:00,8.47,,15/10/2018 22:20,2.400922866
2018-10-21T19:15:00,8.504,,15/10/2018 22:25,2.461608612
2018-10-21T19:30:00,8.47,,15/10/2018 22:30,2.421151448
2018-10-21T19:45:00,8.47,,15/10/2018 22:35,2.421151448
2018-10-21T20:00:00,8.47,,15/10/2018 22:40,2.44138003
2018-10-21T20:15:00,8.47,,15/10/2018 22:45,2.522294357
2018-10-21T20:30:00,8.504,,15/10/2018 22:50,2.400922866
2018-10-21T20:45:00,8.437,,15/10/2018 22:55,2.421151448
2018-10-21T21:00:00,8.437,,15/10/2018 23:00,2.421151448
2018-10-21T21:15:00,8.37,,15/10/2018 23:05,2.461608612
2018-10-21T21:30:00,8.37,,15/10/2018 23:10,2.360465703
2018-10-21T21:45:00,8.37,,15/10/2018 23:15,2.421151448
2018-10-21T22:00:00,8.336,,15/10/2018 23:20,2.44138003
2018-10-21T22:15:00,8.269,,15/10/2018 23:25,2.32000854
2018-10-21T22:30:00,8.303,,15/10/2018 23:30,2.340237121
2018-10-21T22:45:00,8.236,,15/10/2018 23:35,2.380694285
2018-10-21T23:00:00,8.269,,15/10/2018 23:40,2.400922866
2018-10-21T23:15:00,8.236,,15/10/2018 23:45,2.32000854
2018-10-21T23:30:00,8.236,,15/10/2018 23:50,2.32000854
2018-10-21T23:45:00,8.203,,15/10/2018 23:55,2.44138003
2018-10-22T00:00:00,8.203,,16/10/2018 00:00,2.32000854
2018-10-22T00:15:00,8.137,,16/10/2018 00:05,2.360465703
2018-10-22T00:30:00,8.17,,16/10/2018 00:10,2.421151448
2018-10-22T00:45:00,8.137,,16/10/2018 00:15,2.360465703
2018-10-22T01:00:00,8.17,,16/10/2018 00:20,2.32000854
2018-10-22T01:15:00,8.137,,16/10/2018 00:25,2.360465703
2018-10-22T01:30:00,8.137,,16/10/2018 00:30,2.32000854
2018-10-22T01:45:00,8.104,,16/10/2018 00:35,2.340237121
2018-10-22T02:00:00,8.071,,16/10/2018 00:40,2.302883482
2018-10-22T02:15:00,8.071,,16/10/2018 00:45,2.286104034
2018-10-22T02:30:00,8.039,,16/10/2018 00:50,2.380694285
2018-10-22T02:45:00,7.973,,16/10/2018 00:55,2.269324586
2018-10-22T03:00:00,8.006,,16/10/2018 01:00,2.252545138
2018-10-22T03:15:00,8.006,,16/10/2018 01:05,2.269324586
2018-10-22T03:30:00,8.006,,16/10/2018 01:10,2.360465703
2018-10-22T03:45:00,7.973,,16/10/2018 01:15,2.23576569
2018-10-22T04:00:00,7.973,,16/10/2018 01:20,2.302883482
2018-10-22T04:15:00,7.908,,16/10/2018 01:25,2.252545138
2018-10-22T04:30:00,7.941,,16/10/2018 01:30,2.340237121
2018-10-22T04:45:00,7.844,,16/10/2018 01:35,2.252545138
2018-10-22T05:00:00,7.844,,16/10/2018 01:40,2.286104034
2018-10-22T05:15:00,7.812,,16/10/2018 01:45,2.218986242
2018-10-22T05:30:00,7.812,,16/10/2018 01:50,2.218986242
2018-10-22T05:45:00,7.748,,16/10/2018 01:55,2.286104034
2018-10-22T06:00:00,7.78,,16/10/2018 02:00,2.269324586
2018-10-22T06:15:00,7.748,,16/10/2018 02:05,2.32000854
2018-10-22T06:30:00,7.716,,16/10/2018 02:10,2.302883482
2018-10-22T06:45:00,7.684,,16/10/2018 02:15,2.202206794
2018-10-22T07:00:00,7.684,,16/10/2018 02:20,2.252545138
2018-10-22T07:15:00,7.652,,16/10/2018 02:25,2.185427346
2018-10-22T07:30:00,7.652,,16/10/2018 02:30,2.185427346
2018-10-22T07:45:00,7.62,,16/10/2018 02:35,2.23576569
2018-10-22T08:00:00,7.62,,16/10/2018 02:40,2.23576569
2018-10-22T08:15:00,7.589,,16/10/2018 02:45,2.218986242
2018-10-22T08:30:00,7.589,,16/10/2018 02:50,2.218986242
2018-10-22T08:45:00,7.589,,16/10/2018 02:55,2.23576569
2018-10-22T09:00:00,7.557,,16/10/2018 03:00,2.23576569
2018-10-22T09:15:00,7.526,,16/10/2018 03:05,2.185427346
2018-10-22T09:30:00,7.494,,16/10/2018 03:10,2.302883482
2018-10-22T09:45:00,7.494,,16/10/2018 03:15,2.269324586
2018-10-22T10:00:00,7.463,,16/10/2018 03:20,2.269324586
2018-10-22T10:15:00,7.494,,16/10/2018 03:25,2.23576569
2018-10-22T10:30:00,7.463,,16/10/2018 03:30,2.252545138
2018-10-22T10:45:00,7.432,,16/10/2018 03:35,2.168647898
2018-10-22T11:00:00,7.432,,16/10/2018 03:40,2.23576569
2018-10-22T11:15:00,7.401,,16/10/2018 03:45,2.185427346
2018-10-22T11:30:00,7.37,,16/10/2018 03:50,2.185427346
2018-10-22T11:45:00,7.308,,16/10/2018 03:55,2.218986242
2018-10-22T12:00:00,7.37,,16/10/2018 04:00,2.168647898
2018-10-22T12:15:00,7.339,,16/10/2018 04:05,2.168647898
2018-10-22T12:30:00,7.308,,16/10/2018 04:10,2.15186845
2018-10-22T12:45:00,7.277,,16/10/2018 04:15,2.218986242
2018-10-22T13:00:00,7.277,,16/10/2018 04:20,2.23576569
2018-10-22T13:15:00,7.246,,16/10/2018 04:25,2.15186845
2018-10-22T13:30:00,7.246,,16/10/2018 04:30,2.168647898
2018-10-22T13:45:00,7.277,,16/10/2018 04:35,2.23576569
2018-10-22T14:00:00,7.185,,16/10/2018 04:40,2.185427346
2018-10-22T14:15:00,7.246,,16/10/2018 04:45,2.118309554
2018-10-22T14:30:00,7.155,,16/10/2018 04:50,2.23576569
2018-10-22T14:45:00,7.216,,16/10/2018 04:55,2.135089002
2018-10-22T15:00:00,7.155,,16/10/2018 05:00,2.202206794
2018-10-22T15:15:00,7.216,,16/10/2018 05:05,2.15186845
2018-10-22T15:30:00,7.094,,16/10/2018 05:10,2.084750658
2018-10-22T15:45:00,7.063,,16/10/2018 05:15,2.168647898
2018-10-22T16:00:00,7.003,,16/10/2018 05:20,2.15186845
2018-10-22T16:15:00,7.003,,16/10/2018 05:25,2.135089002
2018-10-22T16:30:00,6.973,,16/10/2018 05:30,2.269324586
2018-10-22T16:45:00,7.033,,16/10/2018 05:35,2.168647898
2018-10-22T17:00:00,7.003,,16/10/2018 05:40,2.185427346
2018-10-22T17:15:00,6.973,,16/10/2018 05:45,2.168647898
2018-10-22T17:30:00,6.973,,16/10/2018 05:50,2.202206794
2018-10-22T17:45:00,7.003,,16/10/2018 05:55,2.202206794
2018-10-22T18:00:00,7.033,,16/10/2018 06:00,2.202206794
2018-10-22T18:15:00,6.973,,,
2018-10-22T18:30:00,6.973,,,
2018-10-22T18:45:00,7.003,,,
2018-10-22T19:00:00,7.033,,,
2018-10-22T19:15:00,6.973,,,
2018-10-22T19:30:00,6.943,,,
2018-10-22T19:45:00,6.913,,,
2018-10-22T20:00:00,6.884,,,
2018-10-22T20:15:00,6.813,,,
2018-10-22T20:30:00,6.795,,,
2018-10-22T20:45:00,6.813,,,
2018-10-22T21:00:00,6.813,,,
2018-10-22T21:15:00,6.795,,,
2018-10-22T21:30:00,6.757,,,
2018-10-22T21:45:00,6.795,,,
2018-10-22T22:00:00,6.884,,,
2018-10-22T22:15:00,6.757,,,
2018-10-22T22:30:00,6.832,,,
2018-10-22T22:45:00,6.719,,,
2018-10-22T23:00:00,6.813,,,
2018-10-22T23:15:00,6.701,,,
2018-10-22T23:30:00,6.738,,,
2018-10-22T23:45:00,6.626,,,
2018-10-23T00:00:00,6.719,,,
2018-10-23T00:15:00,6.57,,,
2018-10-23T00:30:00,6.645,,,
2018-10-23T00:45:00,6.514,,,
2018-10-23T01:00:00,6.551,,,
2018-10-23T01:15:00,6.459,,,
2018-10-23T01:30:00,6.533,,,
2018-10-23T01:45:00,6.385,,,
2018-10-23T02:00:00,6.477,,,
2018-10-23T02:15:00,6.44,,,
2018-10-23T02:30:00,6.514,,,
2018-10-23T02:45:00,6.385,,,
2018-10-23T03:00:00,6.44,,,
2018-10-23T03:15:00,6.403,,,
2018-10-23T03:30:00,6.44,,,
2018-10-23T03:45:00,6.329,,,
2018-10-23T04:00:00,6.44,,,
2018-10-23T04:15:00,6.348,,,
2018-10-23T04:30:00,6.385,,,
2018-10-23T04:45:00,6.256,,,
2018-10-23T05:00:00,6.403,,,
2018-10-23T05:15:00,6.219,,,
2018-10-23T05:30:00,6.514,,,
2018-10-23T05:45:00,6.385,,,
2018-10-23T06:00:00,6.57,,,
2018-10-23T06:15:00,6.385,,,
2018-10-23T06:30:00,6.514,,,
2018-10-23T06:45:00,6.256,,,
2018-10-23T07:00:00,6.422,,,
2018-10-23T07:15:00,6.201,,,
2018-10-23T07:30:00,6.329,,,
2018-10-23T07:45:00,6.274,,,
2018-10-23T08:00:00,6.329,,,
2018-10-23T08:15:00,6.056,,,
2018-10-23T08:30:00,6.293,,,
2018-10-23T08:45:00,6.056,,,
2018-10-23T09:00:00,6.183,,,
2018-10-23T09:15:00,6.074,,,
2018-10-23T09:30:00,6.128,,,
2018-10-23T09:45:00,5.965,,,
2018-10-23T10:00:00,6.019,,,
2018-10-23T10:15:00,6.038,,,
2018-10-23T10:30:00,6.001,,,
2018-10-23T10:45:00,5.983,,,
2018-10-23T11:00:00,5.929,,,
2018-10-23T11:15:00,6.056,,,
2018-10-23T11:30:00,6.056,,,
2018-10-23T11:45:00,6.074,,,
2018-10-23T12:00:00,6.019,,,
2018-10-23T12:15:00,6.11,,,
2018-10-23T12:30:00,6.038,,,
2018-10-23T12:45:00,6.092,,,
2018-10-23T13:00:00,6.074,,,
2018-10-23T13:15:00,6.074,,,
2018-10-23T13:30:00,6.001,,,
2018-10-23T13:45:00,5.983,,,
2018-10-23T14:00:00,5.911,,,
2018-10-23T14:15:00,5.929,,,
2018-10-23T14:30:00,5.911,,,
2018-10-23T14:45:00,5.929,,,
2018-10-23T15:00:00,5.804,,,
2018-10-23T15:15:00,5.893,,,
2018-10-23T15:30:00,5.822,,,
2018-10-23T15:45:00,5.804,,,
2018-10-23T16:00:00,5.84,,,
2018-10-23T16:15:00,5.786,,,
2018-10-23T16:30:00,5.75,,,
2018-10-23T16:45:00,5.732,,,
2018-10-23T17:00:00,5.804,,,
2018-10-23T17:15:00,5.715,,,
2018-10-23T17:30:00,5.786,,,
2018-10-23T17:45:00,5.75,,,
2018-10-23T18:00:00,5.822,,,
2018-10-23T18:15:00,5.732,,,
2018-10-23T18:30:00,5.75,,,
2018-10-23T18:45:00,5.697,,,
2018-10-23T19:00:00,5.697,,,
2018-10-23T19:15:00,5.538,,,
2018-10-23T19:30:00,5.697,,,
2018-10-23T19:45:00,5.573,,,
2018-10-23T20:00:00,5.52,,,
2018-10-23T20:15:00,5.433,,,
2018-10-23T20:30:00,5.485,,,
2018-10-23T20:45:00,5.415,,,
2018-10-23T21:00:00,5.415,,,
2018-10-23T21:15:00,5.415,,,
2018-10-23T21:30:00,5.45,,,
2018-10-23T21:45:00,5.538,,,
2018-10-23T22:00:00,5.398,,,
2018-10-23T22:15:00,5.398,,,
2018-10-23T22:30:00,5.363,,,
2018-10-23T22:45:00,5.38,,,
2018-10-23T23:00:00,5.398,,,
2018-10-23T23:15:00,5.363,,,
2018-10-23T23:30:00,5.468,,,
2018-10-23T23:45:00,5.398,,,
2018-10-24T00:00:00,5.363,,,
2018-10-24T00:15:00,5.242,,,
2018-10-24T00:30:00,5.259,,,
2018-10-24T00:45:00,5.224,,,
2018-10-24T01:00:00,5.259,,,
2018-10-24T01:15:00,5.224,,,
2018-10-24T01:30:00,5.328,,,
2018-10-24T01:45:00,5.242,,,
2018-10-24T02:00:00,5.294,,,
2018-10-24T02:15:00,5.156,,,
2018-10-24T02:30:00,5.259,,,
2018-10-24T02:45:00,5.173,,,
2018-10-24T03:00:00,5.311,,,
2018-10-24T03:15:00,5.156,,,
2018-10-24T03:30:00,5.224,,,
2018-10-24T03:45:00,5.121,,,
2018-10-24T04:00:00,5.259,,,
2018-10-24T04:15:00,5.053,,,
2018-10-24T04:30:00,5.173,,,
2018-10-24T04:45:00,5.019,,,
2018-10-24T05:00:00,5.207,,,
2018-10-24T05:15:00,5.07,,,
2018-10-24T05:30:00,5.294,,,
2018-10-24T05:45:00,5.121,,,
2018-10-24T06:00:00,5.398,,,
2018-10-24T06:15:00,5.259,,,
2018-10-24T06:30:00,5.363,,,
2018-10-24T06:45:00,5.053,,,
2018-10-24T07:00:00,5.156,,,
2018-10-24T07:15:00,4.9,,,
2018-10-24T07:30:00,5.104,,,
2018-10-24T07:45:00,4.883,,,
2018-10-24T08:00:00,5.036,,,
2018-10-24T08:15:00,4.816,,,
2018-10-24T08:30:00,4.985,,,
2018-10-24T08:45:00,4.816,,,
2018-10-24T09:00:00,4.968,,,
2018-10-24T09:15:00,4.766,,,
2018-10-24T09:30:00,4.985,,,
2018-10-24T09:45:00,4.833,,,
2018-10-24T10:00:00,5.002,,,
2018-10-24T10:15:00,4.816,,,
2018-10-24T10:30:00,4.934,,,
2018-10-24T10:45:00,4.766,,,
2018-10-24T11:00:00,4.917,,,
2018-10-24T11:15:00,4.782,,,
2018-10-24T11:30:00,4.866,,,
2018-10-24T11:45:00,4.766,,,
2018-10-24T12:00:00,4.833,,,
2018-10-24T12:15:00,4.716,,,
2018-10-24T12:30:00,4.816,,,
2018-10-24T12:45:00,4.732,,,
2018-10-24T13:00:00,4.833,,,
2018-10-24T13:15:00,4.732,,,
2018-10-24T13:30:00,4.816,,,
2018-10-24T13:45:00,4.716,,,
2018-10-24T14:00:00,4.782,,,
2018-10-24T14:15:00,4.666,,,
2018-10-24T14:30:00,4.782,,,
2018-10-24T14:45:00,4.699,,,
2018-10-24T15:00:00,4.766,,,
2018-10-24T15:15:00,4.666,,,
2018-10-24T15:30:00,4.766,,,
2018-10-24T15:45:00,4.666,,,
2018-10-24T16:00:00,4.732,,,
2018-10-24T16:15:00,4.583,,,
2018-10-24T16:30:00,4.699,,,
2018-10-24T16:45:00,4.632,,,
2018-10-24T17:00:00,4.732,,,
2018-10-24T17:15:00,4.632,,,
2018-10-24T17:30:00,4.816,,,
2018-10-24T17:45:00,4.782,,,
2018-10-24T18:00:00,5.07,,,
2018-10-24T18:15:00,4.968,,,
2018-10-24T18:30:00,5.087,,,
2018-10-24T18:45:00,4.833,,,
2018-10-24T19:00:00,4.883,,,
2018-10-24T19:15:00,4.716,,,
2018-10-24T19:30:00,4.732,,,
2018-10-24T19:45:00,4.632,,,
2018-10-24T20:00:00,4.716,,,
2018-10-24T20:15:00,4.649,,,
2018-10-24T20:30:00,4.616,,,
2018-10-24T20:45:00,4.55,,,
2018-10-24T21:00:00,4.583,,,
2018-10-24T21:15:00,4.517,,,
2018-10-24T21:30:00,4.517,,,
2018-10-24T21:45:00,4.5,,,
2018-10-24T22:00:00,4.484,,,
2018-10-24T22:15:00,4.435,,,
2018-10-24T22:30:00,4.451,,,
2018-10-24T22:45:00,4.435,,,
2018-10-24T23:00:00,4.435,,,
2018-10-24T23:15:00,4.419,,,
2018-10-24T23:30:00,4.419,,,
2018-10-24T23:45:00,4.435,,,
2018-10-25T00:00:00,4.435,,,
2018-10-25T00:15:00,4.468,,,
2018-10-25T00:30:00,4.435,,,
2018-10-25T00:45:00,4.484,,,
2018-10-25T01:00:00,4.419,,,
2018-10-25T01:15:00,4.435,,,
2018-10-25T01:30:00,4.37,,,
2018-10-25T01:45:00,4.435,,,
2018-10-25T02:00:00,4.419,,,
2018-10-25T02:15:00,4.517,,,
2018-10-25T02:30:00,4.451,,,
2018-10-25T02:45:00,4.484,,,
2018-10-25T03:00:00,4.419,,,
2018-10-25T03:15:00,4.484,,,
2018-10-25T03:30:00,4.435,,,
2018-10-25T03:45:00,4.468,,,
2018-10-25T04:00:00,4.37,,,
2018-10-25T04:15:00,4.468,,,
2018-10-25T04:30:00,4.354,,,
2018-10-25T04:45:00,4.419,,,
2018-10-25T05:00:00,4.289,,,
2018-10-25T05:15:00,4.337,,,
2018-10-25T05:30:00,4.273,,,
2018-10-25T05:45:00,4.337,,,
2018-10-25T06:00:00,4.273,,,
2018-10-25T06:15:00,4.289,,,
2018-10-25T06:30:00,4.208,,,
2018-10-25T06:45:00,4.257,,,
2018-10-25T07:00:00,4.208,,,
2018-10-25T07:15:00,4.257,,,
2018-10-25T07:30:00,4.208,,,
2018-10-25T07:45:00,4.273,,,
2018-10-25T08:00:00,4.192,,,
2018-10-25T08:15:00,4.257,,,
2018-10-25T08:30:00,4.192,,,
2018-10-25T08:45:00,4.224,,,
2018-10-25T09:00:00,4.16,,,
2018-10-25T09:15:00,4.257,,,
2018-10-25T09:30:00,4.208,,,
2018-10-25T09:45:00,4.257,,,
2018-10-25T10:00:00,4.208,,,
2018-10-25T10:15:00,4.224,,,
2018-10-25T10:30:00,4.16,,,
2018-10-25T10:45:00,4.192,,,
2018-10-25T11:00:00,4.16,,,
2018-10-25T11:15:00,4.224,,,
2018-10-25T11:30:00,4.16,,,
2018-10-25T11:45:00,4.208,,,
2018-10-25T12:00:00,4.192,,,
2018-10-25T12:15:00,4.224,,,
2018-10-25T12:30:00,4.16,,,
2018-10-25T12:45:00,4.176,,,
2018-10-25T13:00:00,4.096,,,
2018-10-25T13:15:00,4.112,,,
2018-10-25T13:30:00,4.065,,,
2018-10-25T13:45:00,4.081,,,
2018-10-25T14:00:00,4.049,,,
2018-10-25T14:15:00,4.065,,,
2018-10-25T14:30:00,4.017,,,
2018-10-25T14:45:00,4.049,,,
2018-10-25T15:00:00,3.986,,,
2018-10-25T15:15:00,4.033,,,
2018-10-25T15:30:00,3.986,,,
2018-10-25T15:45:00,4.017,,,
2018-10-25T16:00:00,3.97,,,
2018-10-25T16:15:00,4.033,,,
2018-10-25T16:30:00,3.986,,,
2018-10-25T16:45:00,4.017,,,
2018-10-25T17:00:00,3.97,,,
2018-10-25T17:15:00,4.017,,,
2018-10-25T17:30:00,3.97,,,
2018-10-25T17:45:00,4.017,,,
2018-10-25T18:00:00,3.986,,,
2018-10-25T18:15:00,4.017,,,
2018-10-25T18:30:00,3.986,,,
2018-10-25T18:45:00,4.001,,,
2018-10-25T19:00:00,3.954,,,
2018-10-25T19:15:00,3.986,,,
2018-10-25T19:30:00,3.923,,,
2018-10-25T19:45:00,3.97,,,
2018-10-25T20:00:00,3.907,,,
2018-10-25T20:15:00,3.923,,,
2018-10-25T20:30:00,3.891,,,
2018-10-25T20:45:00,3.938,,,
2018-10-25T21:00:00,3.907,,,
2018-10-25T21:15:00,3.923,,,
2018-10-25T21:30:00,3.891,,,
2018-10-25T21:45:00,3.907,,,
2018-10-25T22:00:00,3.876,,,
2018-10-25T22:15:00,3.86,,,
2018-10-25T22:30:00,3.845,,,
2018-10-25T22:45:00,3.798,,,
2018-10-25T23:00:00,3.813,,,
2018-10-25T23:15:00,3.798,,,
2018-10-25T23:30:00,3.813,,,
2018-10-25T23:45:00,3.813,,,
