"","h","lower","median","upper"
"1",0.2,0,0,0
"2",0.201,0,0,0
"3",0.202,0,0,0
"4",0.203,0,0,0
"5",0.204,0,0,0
"6",0.205,0,0,0
"7",0.206,0,0,0
"8",0.207,0,1.25927406006933e-05,0.00367910824492424
"9",0.208,0,5.4809786030761e-05,0.00397442981332466
"10",0.209,0,9.70268314608286e-05,0.00426975138172507
"11",0.21,0,0.000139243876890896,0.00456507295012549
"12",0.211,0,0.000181460922320964,0.00486039451852591
"13",0.212,0,0.000223677967751032,0.00515571608692632
"14",0.213,0,0.000265895013181099,0.00545103765532674
"15",0.214,0,0.000308112058611167,0.00574635922372716
"16",0.215,0,0.000350329104041234,0.00604168079212757
"17",0.216,0,0.000392546149471302,0.00633700236052799
"18",0.217,0,0.00043476319490137,0.0066323239289284
"19",0.218,0,0.000476980240331437,0.00692764549732882
"20",0.219,0,0.000519197285761504,0.00722296706572923
"21",0.22,0,0.000561414331191571,0.00751828863412964
"22",0.221,0,0.000603631376621639,0.00781361020253006
"23",0.222,0,0.000645848422051707,0.00810893177093048
"24",0.223,0,0.000688065467481774,0.00840425333933089
"25",0.224,0,0.000730282512911842,0.00869957490773131
"26",0.225,0,0.00077249955834191,0.00899489647613172
"27",0.226,0,0.000814716603771977,0.00929021804453214
"28",0.227,0,0.000856933649202045,0.00958553961293256
"29",0.228,0,0.000899150694632113,0.00988086118133297
"30",0.229,0,0.00094136774006218,0.0101761827497334
"31",0.23,0,0.000983584785492248,0.0104715043181338
"32",0.231,0,0.00102580183092232,0.0107668258865342
"33",0.232,0,0.00106801887635238,0.0110621474549346
"34",0.233,0,0.00111023592178245,0.0113574690233351
"35",0.234,0,0.00115245296721252,0.0116527905917355
"36",0.235,0,0.00119467001264259,0.0119481121601359
"37",0.236,0,0.00123688705807265,0.0122434337285363
"38",0.237,0,0.00127910410350272,0.0125387552969367
"39",0.238,0,0.00132132114893279,0.0128340768653371
"40",0.239,0,0.00136353819436286,0.0131293984337376
"41",0.24,0,0.00140575523979292,0.013424720002138
"42",0.241,0,0.00144797228522299,0.0137200415705384
"43",0.242,0,0.00149018933065306,0.0140153631389388
"44",0.243,0,0.00153240637608313,0.0143106847073392
"45",0.244,0,0.00157462342151319,0.0146060062757396
"46",0.245,0,0.00161684046694326,0.01490132784414
"47",0.246,0,0.00165905751237333,0.0151966494125405
"48",0.247,0,0.0017012745578034,0.0154919709809409
"49",0.248,0,0.00174349160323346,0.0157872925493413
"50",0.249,0,0.00178570864866353,0.0160826141177417
"51",0.25,0,0.0018279256940936,0.0163779356861421
"52",0.251,0,0.00187014273952367,0.0166732572545425
"53",0.252,0,0.00191235978495373,0.016968578822943
"54",0.253,0,0.0019545768303838,0.0172639003913434
"55",0.254,0,0.00199679387581387,0.0175592219597438
"56",0.255,0,0.00203901092124394,0.0178545435281442
"57",0.256,0,0.00208122796667401,0.0181498650965446
"58",0.257,0,0.00225673894713971,0.0185927771726382
"59",0.258,0,0.00274582266674254,0.0193828945417231
"60",0.259,0,0.00323490638634536,0.0201730119108079
"61",0.26,0,0.00372399010594818,0.0209631292798927
"62",0.261,0,0.00421307382555101,0.0217532466489775
"63",0.262,0,0.00470215754515383,0.0225433640180623
"64",0.263,0,0.00519124126475665,0.0233334813871471
"65",0.264,0,0.00568032498435948,0.0241235987562319
"66",0.265,0,0.0061694087039623,0.0249137161253168
"67",0.266,0,0.00665849242356512,0.0257038334944016
"68",0.267,0,0.00714757614316795,0.0264939508634864
"69",0.268,0,0.00763665986277077,0.0272840682325712
"70",0.269,0,0.0081257435823736,0.028074185601656
"71",0.27,0,0.00861482730197642,0.0288643029707408
"72",0.271,0,0.00910391102157924,0.0296544203398256
"73",0.272,0,0.00959299474118207,0.0304445377089105
"74",0.273,0,0.0100820784607849,0.0312346550779953
"75",0.274,0,0.0105711621803877,0.0320247724470801
"76",0.275,0,0.0110602458999905,0.0328148898161649
"77",0.276,0,0.0115493296195934,0.0336050071852497
"78",0.277,0,0.0120384133391962,0.0343951245543345
"79",0.278,0,0.012527497058799,0.0351852419234193
"80",0.279,0,0.0130165807784018,0.0359753592925042
"81",0.28,0,0.0135056644980047,0.036765476661589
"82",0.281,0,0.0139947482176075,0.0375555940306738
"83",0.282,0,0.0144838319372103,0.0383457113997586
"84",0.283,0,0.0149729156568131,0.0391358287688434
"85",0.284,0,0.015461999376416,0.0399259461379282
"86",0.285,0,0.0159510830960188,0.040716063507013
"87",0.286,0,0.0164401668156216,0.0415061808760979
"88",0.287,0,0.0169292505352244,0.0422962982451827
"89",0.288,0,0.0174183342548272,0.0430864156142675
"90",0.289,0,0.0179074179744301,0.0438765329833523
"91",0.29,0,0.0183965016940329,0.0446666503524371
"92",0.291,0,0.0188855854136357,0.0454567677215219
"93",0.292,0,0.0193746691332385,0.0462468850906067
"94",0.293,0,0.0198637528528414,0.0470370024596916
"95",0.294,0,0.0203528365724442,0.0478271198287764
"96",0.295,0,0.020841920292047,0.0486172371978612
"97",0.296,0,0.0213310040116498,0.049407354566946
"98",0.297,0,0.0218200877312527,0.0501974719360308
"99",0.298,0,0.0223091714508555,0.0509875893051156
"100",0.299,0,0.0227982551704583,0.0517777066742004
"101",0.3,0,0.0232873388900611,0.0525678240432853
"102",0.301,0,0.0237764226096639,0.0533579414123701
"103",0.302,0,0.0242655063292668,0.0541480587814549
"104",0.303,0,0.0247545900488696,0.0549381761505397
"105",0.304,0,0.0252436737684724,0.0557282935196245
"106",0.305,0,0.0257327574880752,0.0565184108887093
"107",0.306,0,0.026221841207678,0.0573085282577941
"108",0.307,0.000335189266214681,0.0270093287381504,0.0583536902294739
"109",0.308,0.001458908155388,0.028498808450925,0.059998842250337
"110",0.309,0.00258262704456132,0.0299882881636996,0.0616439942712001
"111",0.31,0.00370634593373464,0.0314777678764742,0.0632891462920633
"112",0.311,0.00483006482290796,0.0329672475892488,0.0649342983129264
"113",0.312,0.00595378371208128,0.0344567273020235,0.0665794503337895
"114",0.313,0.0070775026012546,0.0359462070147981,0.0682246023546526
"115",0.314,0.00820122149042792,0.0374356867275727,0.0698697543755157
"116",0.315,0.00932494037960124,0.0389251664403473,0.0715149063963788
"117",0.316,0.0104486592687746,0.0404146461531219,0.0731600584172419
"118",0.317,0.0115723781579479,0.0419041258658965,0.0748052104381051
"119",0.318,0.0126960970471212,0.0433936055786712,0.0764503624589682
"120",0.319,0.0138198159362945,0.0448830852914458,0.0780955144798313
"121",0.32,0.0149435348254678,0.0463725650042204,0.0797406665006944
"122",0.321,0.0160672537146412,0.047862044716995,0.0813858185215575
"123",0.322,0.0171909726038145,0.0493515244297696,0.0830309705424206
"124",0.323,0.0183146914929878,0.0508410041425442,0.0846761225632837
"125",0.324,0.0194384103821611,0.0523304838553189,0.0863212745841469
"126",0.325,0.0205621292713344,0.0538199635680935,0.08796642660501
"127",0.326,0.0216858481605078,0.0553094432808681,0.0896115786258731
"128",0.327,0.0228095670496811,0.0567989229936427,0.0912567306467362
"129",0.328,0.0239332859388544,0.0582884027064173,0.0929018826675993
"130",0.329,0.0250570048280277,0.0597778824191919,0.0945470346884624
"131",0.33,0.026180723717201,0.0612673621319666,0.0961921867093256
"132",0.331,0.0273044426063743,0.0627568418447412,0.0978373387301887
"133",0.332,0.0284281614955477,0.0642463215575158,0.0994824907510518
"134",0.333,0.029551880384721,0.0657358012702904,0.101127642771915
"135",0.334,0.0306755992738943,0.067225280983065,0.102772794792778
"136",0.335,0.0317993181630676,0.0687147606958396,0.104417946813641
"137",0.336,0.0329230370522409,0.0702042404086143,0.106063098834504
"138",0.337,0.0340467559414143,0.0716937201213889,0.107708250855367
"139",0.338,0.0351704748305876,0.0731831998341635,0.10935340287623
"140",0.339,0.0362941937197609,0.0746726795469381,0.110998554897094
"141",0.34,0.0374179126089342,0.0761621592597127,0.112643706917957
"142",0.341,0.0385416314981075,0.0776516389724873,0.11428885893882
"143",0.342,0.0396653503872809,0.079141118685262,0.115934010959683
"144",0.343,0.0407890692764542,0.0806305983980366,0.117579162980546
"145",0.344,0.0419127881656275,0.0821200781108112,0.119224315001409
"146",0.345,0.0430365070548008,0.0836095578235857,0.120869467022272
"147",0.346,0.0441602259439741,0.0850990375363604,0.122514619043135
"148",0.347,0.0452839448331474,0.086588517249135,0.124159771063998
"149",0.348,0.0464076637223207,0.0880779969619096,0.125804923084862
"150",0.349,0.047531382611494,0.0895674766746842,0.127450075105725
"151",0.35,0.0486551015006674,0.0910569563874588,0.129095227126588
"152",0.351,0.0497788203898407,0.0925464361002334,0.130740379147451
"153",0.352,0.050902539279014,0.0940359158130081,0.132385531168314
"154",0.353,0.0520262581681873,0.0955253955257827,0.134030683189177
"155",0.354,0.0531499770573606,0.0970148752385573,0.13567583521004
"156",0.355,0.054273695946534,0.0985043549513319,0.137320987230903
"157",0.356,0.0553974148357073,0.0999938346641065,0.138966139251766
"158",0.357,0.05704318658376,0.101898983783427,0.14104436200533
"159",0.358,0.0599170828139163,0.104781991305318,0.144141379618967
"160",0.359,0.0627909790440727,0.107664998827208,0.147238397232603
"161",0.36,0.0656648752742291,0.110548006349098,0.15033541484624
"162",0.361,0.0685387715043855,0.113431013870989,0.153432432459876
"163",0.362,0.0714126677345419,0.116314021392879,0.156529450073513
"164",0.363,0.0742865639646983,0.119197028914769,0.159626467687149
"165",0.364,0.0771604601948547,0.12208003643666,0.162723485300786
"166",0.365,0.0800343564250111,0.12496304395855,0.165820502914423
"167",0.366,0.0829082526551674,0.127846051480441,0.168917520528059
"168",0.367,0.0857821488853238,0.130729059002331,0.172014538141696
"169",0.368,0.0886560451154802,0.133612066524221,0.175111555755332
"170",0.369,0.0915299413456366,0.136495074046112,0.178208573368969
"171",0.37,0.094403837575793,0.139378081568002,0.181305590982605
"172",0.371,0.0972777338059494,0.142261089089892,0.184402608596242
"173",0.372,0.100151630036106,0.145144096611783,0.187499626209878
"174",0.373,0.103025526266262,0.148027104133673,0.190596643823515
"175",0.374,0.105899422496419,0.150910111655564,0.193693661437151
"176",0.375,0.108773318726575,0.153793119177454,0.196790679050788
"177",0.376,0.111647214956731,0.156676126699344,0.199887696664424
"178",0.377,0.114521111186888,0.159559134221235,0.202984714278061
"179",0.378,0.117395007417044,0.162442141743125,0.206081731891697
"180",0.379,0.1202689036472,0.165325149265015,0.209178749505334
"181",0.38,0.123142799877357,0.168208156786906,0.21227576711897
"182",0.381,0.126016696107513,0.171091164308796,0.215372784732607
"183",0.382,0.12889059233767,0.173974171830687,0.218469802346243
"184",0.383,0.131764488567826,0.176857179352577,0.22156681995988
"185",0.384,0.134638384797982,0.179740186874467,0.224663837573516
"186",0.385,0.137512281028139,0.182623194396358,0.227760855187153
"187",0.386,0.140386177258295,0.185506201918248,0.230857872800789
"188",0.387,0.143260073488452,0.188389209440138,0.233954890414426
"189",0.388,0.146133969718608,0.191272216962029,0.237051908028062
"190",0.389,0.149007865948764,0.194155224483919,0.240148925641699
"191",0.39,0.151881762178921,0.19703823200581,0.243245943255335
"192",0.391,0.154755658409077,0.1999212395277,0.246342960868972
"193",0.392,0.157629554639233,0.20280424704959,0.249439978482608
"194",0.393,0.16050345086939,0.205687254571481,0.252536996096245
"195",0.394,0.163377347099546,0.208570262093371,0.255634013709881
"196",0.395,0.166251243329703,0.211453269615261,0.258731031323518
"197",0.396,0.169125139559859,0.214336277137152,0.261828048937155
"198",0.397,0.171999035790015,0.217219284659042,0.264925066550791
"199",0.398,0.174872932020172,0.220102292180933,0.268022084164428
"200",0.399,0.177746828250328,0.222985299702823,0.271119101778064
"201",0.4,0.180761743745983,0.226091099699606,0.274536535697635
"202",0.401,0.184402690685215,0.230185949626425,0.279376404217477
"203",0.402,0.188043637624447,0.234280799553244,0.284216272737319
"204",0.403,0.191684584563679,0.238375649480063,0.289056141257161
"205",0.404,0.195325531502912,0.242470499406882,0.293896009777003
"206",0.405,0.198966478442144,0.246565349333701,0.298735878296845
"207",0.406,0.202607425381376,0.25066019926052,0.303575746816686
"208",0.407,0.206248372320608,0.254755049187339,0.308415615336528
"209",0.408,0.20988931925984,0.258849899114158,0.31325548385637
"210",0.409,0.213530266199072,0.262944749040977,0.318095352376212
"211",0.41,0.217171213138304,0.267039598967795,0.322935220896054
"212",0.411,0.220812160077536,0.271134448894614,0.327775089415896
"213",0.412,0.224453107016768,0.275229298821433,0.332614957935738
"214",0.413,0.228094053956,0.279324148748252,0.337454826455579
"215",0.414,0.231735000895232,0.283418998675071,0.342294694975421
"216",0.415,0.235375947834465,0.28751384860189,0.347134563495263
"217",0.416,0.239016894773697,0.291608698528709,0.351974432015105
"218",0.417,0.242657841712929,0.295703548455528,0.356814300534947
"219",0.418,0.246738333334706,0.300024035820586,0.362219608709363
"220",0.419,0.250868029273874,0.304369781905787,0.367688214367137
"221",0.42,0.254997725213042,0.308715527990987,0.373156820024912
"222",0.421,0.25912742115221,0.313061274076187,0.378625425682686
"223",0.422,0.263348486381785,0.317714452671592,0.384350411200484
"224",0.423,0.267653553825702,0.322650275594241,0.390311104753866
"225",0.424,0.271958621269619,0.32758609851689,0.396271798307248
"226",0.425,0.276263688713537,0.332521921439539,0.40223249186063
"227",0.426,0.280568756157454,0.337457744362188,0.408193185414012
"228",0.427,0.284873823601371,0.342393567284837,0.414153878967394
"229",0.428,0.289178891045288,0.347329390207486,0.420114572520776
"230",0.429,0.293483958489205,0.352265213130135,0.426075266074158
"231",0.43,0.297789025933123,0.357201036052783,0.43203595962754
"232",0.431,0.302128078640211,0.362219376248946,0.438176722645231
"233",0.432,0.306631510982358,0.367636835299601,0.445188444133353
"234",0.433,0.311134943324505,0.373054294350256,0.452200165621475
"235",0.434,0.315638375666653,0.37847175340091,0.459211887109597
"236",0.435,0.3201418080088,0.383889212451565,0.466223608597719
"237",0.436,0.324645240350947,0.389306671502219,0.473235330085841
"238",0.437,0.329148672693095,0.394724130552874,0.480247051573963
"239",0.438,0.333652105035242,0.400141589603528,0.487258773062085
"240",0.439,0.338155537377389,0.405559048654183,0.494270494550207
"241",0.44,0.342658969719536,0.410976507704837,0.501282216038329
"242",0.441,0.347162402061684,0.416393966755492,0.508293937526451
"243",0.442,0.351665834403831,0.421811425806146,0.515305659014573
"244",0.443,0.356169266745978,0.427228884856801,0.522317380502695
"245",0.444,0.360672699088126,0.432646343907455,0.529329101990817
"246",0.445,0.365176131430273,0.43806380295811,0.536340823478939
"247",0.446,0.369679563772421,0.443481262008764,0.54335254496706
"248",0.447,0.374182996114568,0.448898721059419,0.550364266455182
"249",0.448,0.378686428456715,0.454316180110073,0.557375987943304
"250",0.449,0.383189860798863,0.459733639160728,0.564387709431426
"251",0.45,0.388219500788642,0.465795941200504,0.572078574305648
"252",0.451,0.393520044340765,0.472190222951507,0.580119077508891
"253",0.452,0.398820587892888,0.478584504702509,0.588159580712134
"254",0.453,0.404121131445011,0.484978786453512,0.596200083915377
"255",0.454,0.409421674997134,0.491373068204514,0.60424058711862
"256",0.455,0.414722218549256,0.497767349955517,0.612281090321863
"257",0.456,0.420022762101379,0.504161631706519,0.620321593525106
"258",0.457,0.425323305653502,0.510555913457521,0.628362096728349
"259",0.458,0.430623849205625,0.516950195208524,0.636402599931592
"260",0.459,0.435924392757748,0.523344476959526,0.644443103134835
"261",0.46,0.441224936309871,0.529738758710529,0.652483606338078
"262",0.461,0.446525479861994,0.536133040461531,0.660524109541321
"263",0.462,0.451826023414117,0.542527322212534,0.668564612744565
"264",0.463,0.45712656696624,0.548921603963536,0.676605115947808
"265",0.464,0.462427110518363,0.555315885714538,0.684645619151051
"266",0.465,0.467727654070486,0.561710167465541,0.692686122354294
"267",0.466,0.473028197622609,0.568104449216543,0.700726625557537
"268",0.467,0.478328741174732,0.574498730967546,0.70876712876078
"269",0.468,0.483764146603317,0.581065103978768,0.717040803459402
"270",0.469,0.489970048556901,0.588614673438536,0.726646639860283
"271",0.47,0.496175950510485,0.596164242898305,0.736252476261165
"272",0.471,0.502381852464069,0.603713812358073,0.745858312662046
"273",0.472,0.508587754417653,0.611263381817842,0.755464149062928
"274",0.473,0.514793656371237,0.61881295127761,0.765069985463809
"275",0.474,0.520999558324821,0.626362520737378,0.774675821864691
"276",0.475,0.527205460278405,0.633912090197147,0.784281658265572
"277",0.476,0.533411362231989,0.641461659656915,0.793887494666453
"278",0.477,0.539617264185574,0.649011229116684,0.803493331067335
"279",0.478,0.545823166139157,0.656560798576452,0.813099167468216
"280",0.479,0.552029068092742,0.664110368036221,0.822705003869098
"281",0.48,0.558234970046326,0.671659937495989,0.832310840269979
"282",0.481,0.56444087199991,0.679209506955757,0.841916676670861
"283",0.482,0.570646773953494,0.686759076415526,0.851522513071742
"284",0.483,0.576852675907078,0.694308645875294,0.861128349472624
"285",0.484,0.583058577860662,0.701858215335063,0.870734185873505
"286",0.485,0.589264479814246,0.709407784794831,0.880340022274386
"287",0.486,0.59547038176783,0.7169573542546,0.889945858675268
"288",0.487,0.602722147548984,0.725742675932752,0.901056721069419
"289",0.488,0.610567910290206,0.735229841428202,0.913022360960656
"290",0.489,0.618413673031427,0.744717006923652,0.924988000851894
"291",0.49,0.626259435772649,0.754204172419103,0.936953640743131
"292",0.491,0.634105198513871,0.763691337914554,0.948919280634369
"293",0.492,0.641950961255093,0.773178503410004,0.960884920525607
"294",0.493,0.649796723996314,0.782665668905455,0.972850560416845
"295",0.494,0.657642486737536,0.792152834400906,0.984816200308083
"296",0.495,0.665488249478758,0.801639999896356,0.99678184019932
"297",0.496,0.67333401221998,0.811127165391807,1.00874748009056
"298",0.497,0.681179774961201,0.820614330887258,1.0207131199818
"299",0.498,0.689025537702423,0.830101496382708,1.03267875987303
"300",0.499,0.696871300443645,0.839588661878159,1.04464439976427
"301",0.5,0.704717063184867,0.849075827373609,1.05661003965551
"302",0.501,0.712562825926088,0.85856299286906,1.06857567954675
"303",0.502,0.72040858866731,0.868050158364511,1.08054131943799
"304",0.503,0.728254351408532,0.877537323859961,1.09250695932922
"305",0.504,0.736100114149754,0.887024489355412,1.10447259922046
"306",0.505,0.743945876890975,0.896511654850863,1.1164382391117
"307",0.506,0.751791639632197,0.905998820346313,1.12840387900294
"308",0.507,0.759637402373419,0.915485985841764,1.14036951889417
"309",0.508,0.767483165114641,0.924973151337215,1.15233515878541
"310",0.509,0.775328927855863,0.934460316832665,1.16430079867665
"311",0.51,0.783174690597084,0.943947482328116,1.17626643856789
"312",0.511,0.791020453338306,0.953434647823566,1.18823207845913
"313",0.512,0.798866216079528,0.962921813319017,1.20019771835036
"314",0.513,0.80671197882075,0.972408978814468,1.2121633582416
"315",0.514,0.814557741561971,0.981896144309918,1.22412899813284
"316",0.515,0.822403504303193,0.991383309805369,1.23609463802408
"317",0.516,0.830249267044415,1.00087047530082,1.24806027791531
"318",0.517,0.838095029785637,1.01035764079627,1.26002591780655
"319",0.518,0.845940792526858,1.01984480629172,1.27199155769779
"320",0.519,0.85378655526808,1.02933197178717,1.28395719758903
"321",0.52,0.861632318009302,1.03881913728262,1.29592283748027
"322",0.521,0.869478080750524,1.04830630277807,1.3078884773715
"323",0.522,0.877323843491746,1.05779346827352,1.31985411726274
"324",0.523,0.885169606232967,1.06728063376897,1.33181975715398
"325",0.524,0.893015368974189,1.07676779926442,1.34378539704522
"326",0.525,0.900861131715411,1.08625496475988,1.35575103693646
"327",0.526,0.908706894456633,1.09574213025533,1.36771667682769
"328",0.527,0.916552657197854,1.10522929575078,1.37968231671893
"329",0.528,0.924398419939076,1.11471646124623,1.39164795661017
"330",0.529,0.932244182680298,1.12420362674168,1.40361359650141
"331",0.53,0.94008994542152,1.13369079223713,1.41557923639264
"332",0.531,0.947935708162742,1.14317795773258,1.42754487628388
"333",0.532,0.955781470903963,1.15266512322803,1.43951051617512
"334",0.533,0.96463274709759,1.16329410062918,1.45273458345548
"335",0.534,0.974845502086886,1.17546910677268,1.46766257841784
"336",0.535,0.985058257076183,1.18764411291619,1.4825905733802
"337",0.536,0.995271012065479,1.1998191190597,1.49751856834256
"338",0.537,1.00548376705478,1.2119941252032,1.51244656330492
"339",0.538,1.01569652204407,1.22416913134671,1.52737455826728
"340",0.539,1.02590927703337,1.23634413749022,1.54230255322964
"341",0.54,1.03612203202267,1.24851914363373,1.557230548192
"342",0.541,1.04633478701196,1.26069414977723,1.57215854315436
"343",0.542,1.05654754200126,1.27286915592074,1.58708653811672
"344",0.543,1.06676029699056,1.28504416206425,1.60201453307908
"345",0.544,1.07697305197985,1.29721916820775,1.61694252804144
"346",0.545,1.08718580696915,1.30939417435126,1.6318705230038
"347",0.546,1.09739856195844,1.32156918049477,1.64679851796616
"348",0.547,1.10761131694774,1.33374418663827,1.66172651292852
"349",0.548,1.11782407193704,1.34591919278178,1.67665450789088
"350",0.549,1.12803682692633,1.35809419892529,1.69158250285324
"351",0.55,1.13824958191563,1.3702692050688,1.7065104978156
"352",0.551,1.14846233690493,1.3824442112123,1.72143849277796
"353",0.552,1.15867509189422,1.39461921735581,1.73636648774032
"354",0.553,1.16888784688352,1.40679422349931,1.75129448270267
"355",0.554,1.17910060187282,1.41896922964282,1.76622247766504
"356",0.555,1.18931335686211,1.43114423578633,1.78115047262739
"357",0.556,1.19952611185141,1.44331924192984,1.79607846758976
"358",0.557,1.20973886684071,1.45549424807334,1.81100646255211
"359",0.558,1.21995162183,1.46766925421685,1.82593445751448
"360",0.559,1.2301643768193,1.47984426036036,1.84086245247683
"361",0.56,1.24163309241367,1.4934423078738,1.85706905992963
"362",0.561,1.25377827811683,1.50780681648997,1.87396433797211
"363",0.562,1.26592346382,1.52217132510614,1.8908596160146
"364",0.563,1.27806864952317,1.53653583372231,1.90775489405708
"365",0.564,1.29021383522633,1.55090034233848,1.92465017209956
"366",0.565,1.3023590209295,1.56526485095465,1.94154545014204
"367",0.566,1.31450420663266,1.57962935957082,1.95844072818453
"368",0.567,1.32664939233583,1.59399386818698,1.97533600622701
"369",0.568,1.338794578039,1.60835837680315,1.99223128426949
"370",0.569,1.35093976374216,1.62272288541932,2.00912656231198
"371",0.57,1.36308494944533,1.63708739403549,2.02602184035446
"372",0.571,1.37523013514849,1.65145190265166,2.04291711839694
"373",0.572,1.38737532085166,1.66581641126783,2.05981239643943
"374",0.573,1.39952050655482,1.680180919884,2.07670767448191
"375",0.574,1.41166569225799,1.69454542850017,2.09360295252439
"376",0.575,1.42381087796116,1.70890993711634,2.11049823056687
"377",0.576,1.43595606366432,1.72327444573251,2.12739350860936
"378",0.577,1.44810124936749,1.73763895434867,2.14428878665184
"379",0.578,1.46024643507065,1.75200346296485,2.16118406469432
"380",0.579,1.47239162077382,1.76636797158101,2.1780793427368
"381",0.58,1.48453680647699,1.78073248019718,2.19497462077929
"382",0.581,1.49668199218015,1.79509698881335,2.21186989882177
"383",0.582,1.50882717788332,1.80946149742952,2.22876517686425
"384",0.583,1.52097236358648,1.82382600604569,2.24566045490673
"385",0.584,1.53311754928965,1.83819051466186,2.26255573294922
"386",0.585,1.54526273499282,1.85255502327803,2.2794510109917
"387",0.586,1.55740792069598,1.8669195318942,2.29634628903418
"388",0.587,1.57106590804191,1.88339728168634,2.31578564303598
"389",0.588,1.58493987146976,1.90017672968957,2.3355882036488
"390",0.589,1.59881383489761,1.91695617769279,2.35539076426162
"391",0.59,1.61268779832547,1.93373562569601,2.37519332487443
"392",0.591,1.62656176175332,1.95051507369924,2.39499588548725
"393",0.592,1.64043572518117,1.96729452170246,2.41479844610007
"394",0.593,1.65430968860902,1.98407396970569,2.43460100671288
"395",0.594,1.66818365203688,2.00085341770891,2.4544035673257
"396",0.595,1.68205761546473,2.01763286571213,2.47420612793852
"397",0.596,1.69593157889258,2.03441231371536,2.49400868855134
"398",0.597,1.70980554232043,2.05119176171858,2.51381124916415
"399",0.598,1.72367950574828,2.06797120972181,2.53361380977697
"400",0.599,1.73755346917614,2.08475065772503,2.55341637038978
"401",0.6,1.75142743260399,2.10153010572826,2.5732189310026
"402",0.601,1.76530139603184,2.11830955373148,2.59302149161542
"403",0.602,1.77917535945969,2.13508900173471,2.61282405222824
"404",0.603,1.79304932288754,2.15186844973793,2.63262661284105
"405",0.604,1.8069232863154,2.16864789774116,2.65242917345387
"406",0.605,1.82079724974325,2.18542734574438,2.67223173406668
"407",0.606,1.8346712131711,2.20220679374761,2.6920342946795
"408",0.607,1.84854517659895,2.21898624175083,2.71183685529232
"409",0.608,1.86241914002681,2.23576568975405,2.73163941590514
"410",0.609,1.87629310345466,2.25254513775728,2.75144197651795
"411",0.61,1.89016706688251,2.2693245857605,2.77124453713077
"412",0.611,1.90404103031036,2.28610403376373,2.79104709774358
"413",0.612,1.91791499373821,2.30288348176695,2.8108496583564
"414",0.613,1.93207259787534,2.32000853953685,2.83108759495164
"415",0.614,1.94877725311176,2.34023712126281,2.85523514267942
"416",0.615,1.96548190834817,2.36046570298877,2.87938269040719
"417",0.616,1.98218656358459,2.38069428471473,2.90353023813497
"418",0.617,1.998891218821,2.40092286644069,2.92767778586274
"419",0.618,2.01559587405742,2.42115144816664,2.95182533359052
"420",0.619,2.03230052929383,2.4413800298926,2.9759728813183
"421",0.62,2.04900518453025,2.46160861161856,3.00012042904608
"422",0.621,2.06570983976666,2.48183719334452,3.02426797677385
"423",0.622,2.08241449500308,2.50206577507048,3.04841552450163
"424",0.623,2.09911915023949,2.52229435679643,3.07256307222941
"425",0.624,2.11582380547591,2.54252293852239,3.09671061995719
"426",0.625,2.13252846071232,2.56275152024835,3.12085816768496
"427",0.626,2.14923311594874,2.58298010197431,3.14500571541274
"428",0.627,2.16593777118516,2.60320868370026,3.16915326314052
"429",0.628,2.18264242642157,2.62343726542622,3.1933008108683
"430",0.629,2.19934708165799,2.64366584715218,3.21744835859607
"431",0.63,2.2160517368944,2.66389442887814,3.24159590632385
"432",0.631,2.23275639213082,2.6841230106041,3.26574345405163
"433",0.632,2.24946104736723,2.70435159233005,3.2898910017794
"434",0.633,2.26616570260365,2.72458017405601,3.31403854950718
"435",0.634,2.28287035784006,2.74480875578197,3.33818609723496
"436",0.635,2.29957501307648,2.76503733750793,3.36233364496274
"437",0.636,2.3162796683129,2.78526591923389,3.38648119269051
"438",0.637,2.33298432354931,2.80549450095984,3.41062874041829
"439",0.638,2.34968897878573,2.8257230826858,3.43477628814607
"440",0.639,2.36639363402214,2.84595166441176,3.45892383587385
"441",0.64,2.38309828925856,2.86618024613772,3.48307138360162
"442",0.641,2.39980294449497,2.88640882786367,3.5072189313294
"443",0.642,2.41650759973139,2.90663740958963,3.53136647905718
"444",0.643,2.4332122549678,2.92686599131559,3.55551402678496
"445",0.644,2.44991691020422,2.94709457304155,3.57966157451273
"446",0.645,2.46662156544064,2.96732315476751,3.60380912224051
"447",0.646,2.48332622067705,2.98755173649346,3.62795666996829
"448",0.647,2.50003087591347,3.00778031821942,3.65210421769606
"449",0.648,2.51673553114988,3.02800889994538,3.67625176542384
"450",0.649,2.5334401863863,3.04823748167134,3.70039931315162
"451",0.65,2.55014484162271,3.0684660633973,3.7245468608794
"452",0.651,2.56684949685913,3.08869464512325,3.74869440860717
"453",0.652,2.58355415209554,3.10892322684921,3.77284195633495
"454",0.653,2.60025880733196,3.12915180857517,3.79698950406273
"455",0.654,2.61696346256838,3.14938039030113,3.82113705179051
"456",0.655,2.63366811780479,3.16960897202708,3.84528459951828
"457",0.656,2.65037277304121,3.18983755375304,3.86943214724606
"458",0.657,2.66707742827762,3.210066135479,3.89357969497384
"459",0.658,2.68378208351404,3.23029471720496,3.91772724270162
"460",0.659,2.70199096771047,3.25238237962891,3.9442181740572
"461",0.66,2.72205611107813,3.27676419785453,3.9736009041126
"462",0.661,2.74212125444579,3.30114601608015,4.00298363416799
"463",0.662,2.76218639781345,3.32552783430577,4.03236636422339
"464",0.663,2.78225154118111,3.3499096525314,4.06174909427879
"465",0.664,2.80231668454877,3.37429147075702,4.09113182433418
"466",0.665,2.82238182791643,3.39867328898264,4.12051455438958
"467",0.666,2.84244697128409,3.42305510720827,4.14989728444498
"468",0.667,2.86251211465175,3.44743692543389,4.17928001450037
"469",0.668,2.88257725801941,3.47181874365952,4.20866274455577
"470",0.669,2.90264240138707,3.49620056188514,4.23804547461116
"471",0.67,2.92270754475472,3.52058238011076,4.26742820466656
"472",0.671,2.94277268812238,3.54496419833639,4.29681093472196
"473",0.672,2.96283783149004,3.56934601656201,4.32619366477735
"474",0.673,2.9829029748577,3.59372783478763,4.35557639483275
"475",0.674,3.00296811822536,3.61810965301326,4.38495912488815
"476",0.675,3.02303326159302,3.64249147123888,4.41434185494354
"477",0.676,3.04309840496068,3.6668732894645,4.44372458499894
"478",0.677,3.06316354832834,3.69125510769013,4.47310731505434
"479",0.678,3.083228691696,3.71563692591575,4.50249004510973
"480",0.679,3.10329383506366,3.74001874414137,4.53187277516513
"481",0.68,3.12335897843131,3.76440056236699,4.56125550522052
"482",0.681,3.14342412179898,3.78878238059262,4.59063823527592
"483",0.682,3.16348926516663,3.81316419881824,4.62002096533131
"484",0.683,3.18355440853429,3.83754601704387,4.64940369538671
"485",0.684,3.20361955190195,3.86192783526949,4.67878642544211
"486",0.685,3.22368469526961,3.88630965349511,4.70816915549751
"487",0.686,3.24374983863727,3.91069147172073,4.7375518855529
"488",0.687,3.26381498200493,3.93507328994636,4.7669346156083
"489",0.688,3.28388012537259,3.95945510817198,4.79631734566369
"490",0.689,3.30394526874025,3.98383692639761,4.82570007571909
"491",0.69,3.32401041210791,4.00821874462323,4.85508280577449
"492",0.691,3.34407555547557,4.03260056284885,4.88446553582989
"493",0.692,3.36414069884322,4.05698238107447,4.91384826588528
"494",0.693,3.38420584221088,4.0813641993001,4.94323099594068
"495",0.694,3.40685146149943,4.10811103146206,4.97254435151079
"496",0.695,3.42956065455159,4.13491612916944,5.00185599793993
"497",0.696,3.45226984760375,4.16172122687682,5.03116764436907
"498",0.697,3.47497904065592,4.1885263245842,5.06047929079821
"499",0.698,3.49768823370808,4.21533142229157,5.08979093722735
"500",0.699,3.52039742676025,4.24213651999895,5.11910258365649
"501",0.7,3.54310661981241,4.26894161770632,5.14841423008563
"502",0.701,3.56581581286457,4.2957467154137,5.17772587651477
"503",0.702,3.58852500591673,4.32255181312107,5.2070375229439
"504",0.703,3.6112341989689,4.34935691082845,5.23634916937305
"505",0.704,3.62155801365655,4.35945108868128,5.26318209111864
"506",0.705,3.64523576414873,4.38845261855728,5.29778877659134
"507",0.706,3.66891351464089,4.41745414843327,5.33239546206403
"508",0.707,3.69259126513306,4.44645567830927,5.36700214753673
"509",0.708,3.71626901562523,4.47545720818526,5.40160883300942
"510",0.709,3.7399467661174,4.50445873806125,5.43621551848211
"511",0.71,3.76362451660957,4.53346026793725,5.47082220395481
"512",0.711,3.78730226710174,4.56246179781324,5.5054288894275
"513",0.712,3.81098001759391,4.59146332768924,5.54003557490019
"514",0.713,3.83465776808608,4.62046485756523,5.57464226037289
"515",0.714,3.85833551857824,4.64946638744123,5.60924894584558
"516",0.715,3.88201326907041,4.67846791731722,5.64385563131828
"517",0.716,3.90569101956258,4.70746944719322,5.67846231679097
"518",0.717,3.92936877005475,4.73647097706921,5.71306900226367
"519",0.718,3.95304652054692,4.76547250694521,5.74767568773636
"520",0.719,3.97672427103909,4.7944740368212,5.78228237320906
"521",0.72,4.00040202153126,4.8234755666972,5.81688905868175
"522",0.721,4.02413073573144,4.85273655704512,5.85193303089032
"523",0.722,4.04819404654138,4.88370100653419,5.88984796098319
"524",0.723,4.07225735735134,4.91466545602328,5.92776289107607
"525",0.724,4.09632066816128,4.94562990551235,5.96567782116895
"526",0.725,4.12038397897124,4.97659435500143,6.00359275126183
"527",0.726,4.14444728978118,5.00755880449051,6.04150768135471
"528",0.727,4.16851060059113,5.03852325397959,6.07942261144759
"529",0.728,4.19257391140108,5.06948770346867,6.11733754154046
"530",0.729,4.21663722221103,5.10045215295775,6.15525247163335
"531",0.73,4.24070053302098,5.13141660244683,6.19316740172622
"532",0.731,4.26476384383093,5.16238105193591,6.23108233181911
"533",0.732,4.28882715464088,5.19334550142499,6.26899726191198
"534",0.733,4.31289046545083,5.22430995091407,6.30691219200486
"535",0.734,4.33695377626078,5.25527440040315,6.34482712209774
"536",0.735,4.36101708707073,5.28623884989223,6.38274205219062
"537",0.736,4.38508039788068,5.31720329938131,6.4206569822835
"538",0.737,4.40914370869063,5.34816774887039,6.45857191237638
"539",0.738,4.43320701950058,5.37913219835947,6.49648684246926
"540",0.739,4.45727033031053,5.41009664784855,6.53440177256214
"541",0.74,4.48133364112047,5.44106109733763,6.57231670265501
"542",0.741,4.50539695193043,5.47202554682671,6.6102316327479
"543",0.742,4.52946026274037,5.50298999631579,6.64814656284077
"544",0.743,4.55352357355033,5.53395444580487,6.68606149293365
"545",0.744,4.57758688436027,5.56491889529395,6.72397642302653
"546",0.745,4.60165019517022,5.59588334478303,6.76189135311941
"547",0.746,4.62571350598017,5.62684779427211,6.79980628321229
"548",0.747,4.64977681679012,5.65781224376119,6.83772121330517
"549",0.748,4.67384012760007,5.68877669325027,6.87563614339804
"550",0.749,4.69790343841002,5.71974114273935,6.91355107349093
"551",0.75,4.72196674921997,5.75070559222842,6.9514660035838
"552",0.751,4.74603006002992,5.78167004171751,6.98938093367669
"553",0.752,4.77009337083987,5.81263449120658,7.02729586376956
"554",0.753,4.79614002867175,5.84635426573637,7.06939024010904
"555",0.754,4.82267121821088,5.88074716621499,7.11250565522936
"556",0.755,4.84920240775002,5.91514006669362,7.15562107034969
"557",0.756,4.87573359728915,5.94953296717225,7.19873648547001
"558",0.757,4.90226478682829,5.98392586765088,7.24185190059034
"559",0.758,4.92879597636743,6.01831876812951,7.28496731571067
"560",0.759,4.95532716590657,6.05271166860814,7.328082730831
"561",0.76,4.9818583554457,6.08710456908676,7.37119814595132
"562",0.761,5.00838954498484,6.1214974695654,7.41431356107165
"563",0.762,5.03492073452398,6.15589037004402,7.45742897619197
"564",0.763,5.06145192406312,6.19028327052265,7.5005443913123
"565",0.764,5.08798311360225,6.22467617100128,7.54365980643262
"566",0.765,5.11451430314139,6.25906907147991,7.58677522155296
"567",0.766,5.14104549268053,6.29346197195854,7.62989063667328
"568",0.767,5.16757668221967,6.32785487243717,7.67300605179361
"569",0.768,5.1941078717588,6.3622477729158,7.71612146691393
"570",0.769,5.22063906129794,6.39664067339443,7.75923688203426
"571",0.77,5.24717025083708,6.43103357387305,7.80235229715458
"572",0.771,5.27370144037622,6.46542647435169,7.84546771227491
"573",0.772,5.30023262991535,6.49981937483031,7.88858312739524
"574",0.773,5.32676381945449,6.53421227530894,7.93169854251557
"575",0.774,5.35329500899362,6.56860517578757,7.97481395763589
"576",0.775,5.37982619853276,6.6029980762662,8.01792937275622
"577",0.776,5.4063573880719,6.63739097674483,8.06104478787654
"578",0.777,5.43288857761103,6.67178387722345,8.10416020299686
"579",0.778,5.45941976715017,6.70617677770208,8.1472756181172
"580",0.779,5.48595095668931,6.74056967818071,8.19039103323752
"581",0.78,5.51248214622845,6.77496257865934,8.23350644835785
"582",0.781,5.53901333576758,6.80935547913797,8.27662186347817
"583",0.782,5.5662016675513,6.84488643405202,8.32158302985188
"584",0.783,5.59429371996529,6.88198247366449,8.36908252563574
"585",0.784,5.6223857723793,6.91907851327697,8.4165820214196
"586",0.785,5.6504778247933,6.95617455288944,8.46408151720346
"587",0.786,5.6785698772073,6.99327059250192,8.51158101298733
"588",0.787,5.7066619296213,7.03036663211439,8.55908050877118
"589",0.788,5.7347539820353,7.06746267172687,8.60658000455505
"590",0.789,5.7628460344493,7.10455871133934,8.6540795003389
"591",0.79,5.7909380868633,7.14165475095183,8.70157899612277
"592",0.791,5.8190301392773,7.1787507905643,8.74907849190663
"593",0.792,5.8471221916913,7.21584683017678,8.79657798769049
"594",0.793,5.8752142441053,7.25294286978925,8.84407748347435
"595",0.794,5.9033062965193,7.29003890940173,8.89157697925821
"596",0.795,5.9313983489333,7.3271349490142,8.93907647504207
"597",0.796,5.9594904013473,7.36423098862668,8.98657597082594
"598",0.797,5.9875824537613,7.40132702823915,9.03407546660979
"599",0.798,6.01567450617531,7.43842306785163,9.08157496239366
"600",0.799,6.0437665585893,7.47551910746411,9.12907445817752
"601",0.8,6.07185861100331,7.51261514707659,9.17657395396138
"602",0.801,6.0999506634173,7.54971118668906,9.22407344974524
"603",0.802,6.12804271583131,7.58680722630154,9.2715729455291
"604",0.803,6.15613476824531,7.62390326591401,9.31907244131296
"605",0.804,6.18422682065931,7.66099930552649,9.36657193709683
"606",0.805,6.21231887307331,7.69809534513896,9.41407143288068
"607",0.806,6.24041092548731,7.73519138475144,9.46157092866455
"608",0.807,6.26850297790131,7.77228742436391,9.5090704244484
"609",0.808,6.29659503031531,7.80938346397639,9.55656992023227
